-73.49901,41.05315,"Holly Pond _05az","Holly Pond"
-73.08289,41.78315,"Lake Harwinton _05a6","Lake Harwinton"
-73.43734,41.33121,"Hawley Pond _05a8","Hawley Pond"
-73.11317,41.60732,"Heminway Pond _05ac","Heminway Pond"
-73.28123,41.20787,"Hemlock Reservoir _05ae","Hemlock Reservoir"
-73.47651,41.21732,"Hendersons Pond _05ag","Hendersons Pond"
-73.08205,41.92287,"Highland Lake _05aq","Highland Lake"
-73.27234,41.15454,"Perrys Millpond _05br","Perrys Millpond"
-72.62509,41.33176,"Hog Pond _05ax","Hog Pond"
-72.8301,41.52343,"Hanover Pond _059w","Hanover Pond"
-73.56818,41.10482,"Holts Ice Pond _05b0","Holts Ice Pond"
-73.45901,41.12149,"Holy Ghost Fathers Pond _05b2","Holy Ghost Fathers Pond"
-73.48318,41.43176,"Padanaram Reservoir _05ba","Padanaram Reservoir"
-73.05955,41.34037,"Parkers Pond _05bd","Parkers Pond"
-73.05816,41.36954,"Peat Swamp Reservoir _05bl","Peat Swamp Reservoir"
-73.00261,41.42287,"Peck Pond _05bo","Peck Pond"
-75.20907,41.31815,"Promised Land Lake _0001","Promised Land Lake"
-72.95094,41.56454,"Hitchcock Lake _05as","Hitchcock Lake"
-73.48846,41.18982,"Grupes Reservoir _057e","Grupes Reservoir"
-73.25456,41.20287,"Lake Mohegan _053l","Lake Mohegan"
-73.22067,41.18815,"Moodys Mill Pond _053o","Moodys Mill Pond"
-73.48234,41.14815,"Nichols Pond _053v","Nichols Pond"
-73.46429,41.38843,"Old Mill Pond (historical) _0542","Old Mill Pond (historical)"
-73.4379,41.38121,"Rogers Park Pond _054u","Rogers Park Pond"
-73.39373,41.08871,"Spruce Swamp Pond _055k","Spruce Swamp Pond"
-73.1715,41.2401,"Thrushwood Lake _055x","Thrushwood Lake"
-72.85093,41.35121,"Hartens Pond _05a3","Hartens Pond"
-72.7751,41.27926,"Griffins Pond _057b","Griffins Pond"
-73.32917,40.69722,"Argyle Lake _059z","Argyle Lake"
-73.03955,41.21704,"Gulf Pond _057h","Gulf Pond"
-73.68694,40.64389,"Grant Pond _057i","Grant Pond"
-73.29178,41.33565,"Guskie Pond _057k","Guskie Pond"
-73.45123,41.15093,"Guthrie Pond _057l","Guthrie Pond"
-73.44734,41.13343,"Hams Pond _059o","Hams Pond"
-73.04733,41.59399,"Hancock Pond _059t","Hancock Pond"
-72.96899,41.26676,"Phipps Lake _05bs","Phipps Lake"
-73.93,41.09333,"Lydscker Pond (historical) _056e","Lydscker Pond (historical)"
-73.11983,41.3076,"Shelton Reservoir _05er","Shelton Reservoir"
-73.26067,41.1826,"Samp Mortar Reservoir _05e1","Samp Mortar Reservoir"
-73.3504,41.24871,"Saugatuck Reservoir _05ea","Saugatuck Reservoir"
-73.03038,41.50843,"Schildgen Pond _05ec","Schildgen Pond"
-72.59259,41.29899,"Schumanns Pond _05ee","Schumanns Pond"
-72.98372,41.58149,"Scoville Reservoir _05eg","Scoville Reservoir"
-73.19372,41.20093,"Seeleys Pond _05ej","Seeleys Pond"
-73.11483,41.22565,"Pecks Mill Pond _05bp","Pecks Mill Pond"
-73.48235,41.23232,"Sheffield Pond _05eo","Sheffield Pond"
-73.0176,41.24843,"Rose Mill Pond _05dq","Rose Mill Pond"
-73.34012,41.1176,"Sherwood Millpond _05et","Sherwood Millpond"
-73.28539,41.14176,"Sherwood Millpond _05eu","Sherwood Millpond"
-73.06622,41.40926,"Silver Lake _05ez","Silver Lake"
-73.47012,41.17037,"Silvermine Pond _05f4","Silvermine Pond"
-72.80732,41.45093,"Simpson Pond _05f6","Simpson Pond"
-73.52401,41.19287,"Siscowit Reservoir _05f8","Siscowit Reservoir"
-73.10955,41.31815,"Skelton Reservoir _05f9","Skelton Reservoir"
-73.12372,41.16982,"Selby Pond _05ek","Selby Pond"
-73.06789,41.34704,"Quillinan Reservoir _05cx","Quillinan Reservoir"
-73.01872,41.29982,"Pin Oak Pond _05bu","Pin Oak Pond"
-73.08511,41.58704,"Pin Shop Pond _05bv","Pin Shop Pond"
-73.17595,41.25621,"Pinewood Lake _05c5","Pinewood Lake"
-72.87232,41.29232,"Pirot Pond _05c7","Pirot Pond"
-72.88038,41.29232,"Pollywog Pond _05ch","Pollywog Pond"
-73.10122,41.3351,"Picketts Pond _05cm","Picketts Pond"
-73.35956,41.19676,"Princes Pond _05cn","Princes Pond"
-72.84593,41.2951,"Lake Saltonstall _05dz","Lake Saltonstall"
-73.64124,41.08454,"Putnam Lake _05cw","Putnam Lake"
-73.23845,41.36898,"Rowledge Pond _05dw","Rowledge Pond"
-73.01038,41.23732,"Quirks Pond _05d2","Quirks Pond"
-73.22984,41.52343,"Radey Pond _05d5","Radey Pond"
-73.50346,41.11399,"Raymonds Pond _05da","Raymonds Pond"
-73.04955,41.60899,"Rifle Range Pond _05df","Rifle Range Pond"
-73.45123,41.1851,"Rock Lake _05dk","Rock Lake"
-73.48262,41.40509,"Rogers Pond _05dp","Rogers Pond"
-73.25761,41.15676,"Hopkins Pond _0524","Hopkins Pond"
-73.02483,41.53037,"Pritchards Pond _05co","Pritchards Pond"
-74.38293,40.91732,"Patex Pond _01h8","Patex Pond"
-73.44512,41.16315,"Old South Norwalk Reservoir _01ge","Old South Norwalk Reservoir"
-73.58624,41.15648,"Orient Lodge Lake _01gh","Orient Lodge Lake"
-73.49151,41.29871,"Outpost Inn Pond _01gl","Outpost Inn Pond"
-74.28543,40.95732,"Woodland Lake _01gm","Woodland Lake"
-74.28515,40.95704,"McDonalds Ponds _01gn","McDonalds Ponds"
-74.19515,41.02649,"Sturr Pond _01gq","Sturr Pond"
-73.51679,41.46648,"Merton Mill Pond _053c","Merton Mill Pond"
-74.33543,40.71566,"Briant Pond _01gx","Briant Pond"
-72.78204,41.48371,"North Farms Reservoir _01g3","North Farms Reservoir"
-74.5171,40.56788,"Lake Creighton _01h9","Lake Creighton"
-74.19959,40.14678,"Cascade Lake _01hb","Cascade Lake"
-74.60849,40.31511,"Grovers Mill Pond _01hc","Grovers Mill Pond"
-74.29292,40.00845,"Bunker Hill Pond _01hd","Bunker Hill Pond"
-74.1782,40.04928,"Lake Wadill _01he","Lake Wadill"
-74.08625,40.35344,"Shadow Lake _01hf","Shadow Lake"
-74.15431,40.33428,"Marlu Lake _01hg","Marlu Lake"
-74.1632,41.05426,"Suraci Pond _01gr","Suraci Pond"
-73.37512,41.1401,"Nash Pond _01fd","Nash Pond"
-73.12372,41.5551,"Miry Dam Pond _01ei","Miry Dam Pond"
-72.93871,41.51565,"Mixville Pond _01el","Mixville Pond"
-73.14067,41.58399,"Morehouse Pond _01es","Morehouse Pond"
-73.09872,41.67343,"Morton Pond _01ev","Morton Pond"
-73.12344,41.21537,"Motil Pond _01ew","Motil Pond"
-73.03233,41.48426,"Mulberry Reservoir _01f4","Mulberry Reservoir"
-73.46207,41.22621,"Mullens Pond _01f7","Mullens Pond"
-73.00122,41.47871,"Old Naugatuck Reservoir _01gd","Old Naugatuck Reservoir"
-73.5079,41.32232,"Lake Naraneka _01fb","Lake Naraneka"
-73.53846,41.1251,"North Stamford Reservoir _01g5","North Stamford Reservoir"
-72.93538,41.60954,"New Britain Reservoir _01fj","New Britain Reservoir"
-73.51401,41.17732,"New Canaan Reservoir _01fk","New Canaan Reservoir"
-72.98649,41.46621,"New Naugatuck Reservoir _01fl","New Naugatuck Reservoir"
-73.13678,41.41621,"Nichols Pond _01fn","Nichols Pond"
-73.06511,41.21371,"Walker Pond _01fp","Walker Pond"
-73.45901,41.26426,"Noroneke Lake _01fu","Noroneke Lake"
-74.66294,41.03343,"Upper Mohawk Lake _01hk","Upper Mohawk Lake"
-73.29956,41.36926,"Myers Pond _01fa","Myers Pond"
-73.49401,41.21621,"Browns Reservoir _01ko","Browns Reservoir"
-74.49404,40.82454,"Jaqui Pond _01hh","Jaqui Pond"
-73.77819,40.93121,"Beechmont Lake _01jf","Beechmont Lake"
-73.34206,40.73482,"Belmont Lake _01ji","Belmont Lake"
-72.88038,40.77343,"Big Fish Creek Pond _01jr","Big Fish Creek Pond"
-73.75902,41.02093,"Bloomingdale Pond _01jx","Bloomingdale Pond"
-74.07959,41.15565,"Bockar Lake _01k2","Bockar Lake"
-73.59179,41.41287,"Bog Brook Reservoir _01k3","Bog Brook Reservoir"
-72.66121,40.82371,"Beaverdam Pond _01ja","Beaverdam Pond"
-74.0507,41.50759,"Brookside Pond _01kk","Brookside Pond"
-74.12153,41.43454,"Beaverdam Lake _01j9","Beaverdam Lake"
-72.4037,41.07454,"Budds Pond _01ks","Budds Pond"
-73.90569,41.3037,"Camp Field Reservoir _01l5","Camp Field Reservoir"
-73.80902,41.1701,"Campfire Lake _01l7","Campfire Lake"
-73.02094,40.78538,"Canaan Lake _01l8","Canaan Lake"
-73.3004,40.69677,"Lake Capri _01le","Lake Capri"
-73.66568,41.45815,"Lake Carmel _01li","Lake Carmel"
-73.09622,41.55982,"Sperry Pond _05fs","Sperry Pond"
-74.01986,41.43009,"Breeds Pond _01kb","Breeds Pond"
-72.58898,40.83704,"Alcotts Pond _01i7","Alcotts Pond"
-73.21956,41.22343,"Horse Tavern Reservoir _0525","Horse Tavern Reservoir"
-74.16459,40.99843,"Rambaut Lake _01hl","Rambaut Lake"
-74.15737,40.99843,"Maple Lake _01hm","Maple Lake"
-74.36404,40.99232,"Kakeout Reservoir _01hn","Kakeout Reservoir"
-74.74627,40.34427,"Stony Brook Fourteen Basin _01ho","Stony Brook Fourteen Basin"
-74.35043,40.62844,"Shackamaxon Lake _01hp","Shackamaxon Lake"
-74.28515,40.62844,"Jacksons Pond _01hq","Jacksons Pond"
-73.81847,41.12398,"Beech Hill Pond _01jd","Beech Hill Pond"
-74.34265,39.60234,"Pohatcong Lake _01hs","Pohatcong Lake"
-74.38599,41.00232,"Cantys Lake _01hj","Cantys Lake"
-74.16487,41.35398,"Amdur Park Lake _01ic","Amdur Park Lake"
-74.14403,41.12148,"Lake Antrim _01ie","Lake Antrim"
-72.93149,40.88399,"Artist Lake _01ih","Artist Lake"
-74.21876,41.93843,"Ashokan Reservoir _01ij","Ashokan Reservoir"
-73.41318,40.67427,"Avon Lake _01in","Avon Lake"
-73.78513,40.67788,"Baisley Pond _01io","Baisley Pond"
-73.77069,41.14315,"Bear Ridge Lake _01j6","Bear Ridge Lake"
-74.29793,40.62844,"Bloodgoods Pond _01hr","Bloodgoods Pond"
-74.26515,40.76871,"Cable Lake _05ql","Cable Lake"
-74.23348,41.10371,"Brushwood Pond _05q4","Brushwood Pond"
-74.62738,40.82954,"Bryant Pond _05q5","Bryant Pond"
-74.38293,41.08926,"Bubbling Spring Lake _05q6","Bubbling Spring Lake"
-74.1982,40.28622,"Bucks Pond _05q8","Bucks Pond"
-74.75128,40.86315,"Budd Lake _05q9","Budd Lake"
-74.18014,41.03065,"Bunker Pond _05qa","Bunker Pond"
-74.26709,40.96843,"Alexanders Pond _05ns","Alexanders Pond"
-74.36571,40.9901,"Butler Reservoir _05qh","Butler Reservoir"
-74.51599,40.30983,"Brainerd Lake _05pv","Brainerd Lake"
-74.22792,41.0251,"Caille Lake _05qo","Caille Lake"
-74.13153,41.07093,"Camp Hlond Reservoir _05qr","Camp Hlond Reservoir"
-74.30487,40.73649,"Campbells Pond _05qt","Campbells Pond"
-74.13014,41.0526,"Canns Lake _05qu","Canns Lake"
-74.35209,40.75093,"Canoe Brook Reservoir One _05qw","Canoe Brook Reservoir Number One"
-74.36154,40.78121,"Canoe Brook Reservoir Two _05qx","Canoe Brook Reservoir Number Two"
-74.22459,40.09262,"Lake Carasaljo _05qy","Lake Carasaljo"
-74.3257,40.76149,"Butler Pond _05qg","Butler Pond"
-74.35987,41.03287,"Bear Swamp Lake _05ox","Bear Swamp Lake"
-73.21706,41.35121,"Smith Pond _05fe","Smith Pond"
-74.09848,41.07732,"Anona Lake _05o2","Anona Lake"
-74.46488,40.89038,"Arrowhead Lake _05o8","Arrowhead Lake"
-74.22209,41.00565,"Baker Pond _05of","Baker Pond"
-74.18237,40.89954,"Barbour Pond _05oi","Barbour Pond"
-74.22654,40.9601,"Barbour Pond _05oj","Barbour Pond"
-74.19986,39.8404,"Lake Barnegat _05ol","Lake Barnegat"
-74.56071,40.8926,"Brownwood Pond _05q3","Brownwood Pond"
-74.18737,40.85343,"Basking Reservoir _05oo","Basking Reservoir"
-74.64488,40.43399,"Bridgepoint Lake _05q0","Bridgepoint Lake"
-74.4096,40.83343,"Bee Meadow Pond _05p4","Bee Meadow Pond"
-74.44876,40.63955,"Best Lake _05pe","Best Lake"
-74.45127,40.89343,"Birchwood Lake _05pg","Birchwood Lake"
-74.03431,40.98649,"Bogert Pond _05pp","Bogert Pond"
-74.33487,41.01399,"Bogues Pond _05pq","Bogues Pond"
-74.5596,40.89593,"Bowlby Pond _05pu","Bowlby Pond"
-74.21598,40.85316,"Cedar Grove Reservoir _05rb","Cedar Grove Reservoir"
-74.43877,41.19843,"Barry Lakes _05om","Barry Lakes"
-74.10292,40.87954,"Dahnerts Lake _05ta","Dahnerts Lake"
-74.62155,40.37038,"Carnegie Lake _05qz","Carnegie Lake"
-74.28265,40.96538,"Crestmere Lake _05sx","Crestmere Lake"
-74.13737,41.03343,"Crestwood Lake _05sy","Crestwood Lake"
-74.24765,40.80093,"Crystal Lake _05t2","Crystal Lake"
-74.45293,40.8901,"Crystal Lake _05t3","Crystal Lake"
-74.24292,41.03287,"Crystal Lake _05t4","Crystal Lake"
-74.73461,40.97121,"Cub Lake _05t7","Cub Lake"
-73.94319,41.01121,"Cooper Pond _05sj","Cooper Pond"
-74.776,40.62094,"Cushetunk Lake _05t9","Cushetunk Lake"
-74.46099,40.8926,"Cooper Lake _05sh","Cooper Lake"
-74.57849,40.85343,"Dalrymple Pond _05tb","Dalrymple Pond"
-74.17487,41.06315,"Darlington Lake _05tc","Darlington Lake"
-74.19348,41.0251,"De Yoe Pond _05th","De Yoe Pond"
-74.39071,40.39011,"DeVoe Lake _05ti","DeVoe Lake"
-73.99625,40.23011,"Deal Lake _05tk","Deal Lake"
-74.52265,40.399,"Deans Pond _05tl","Deans Pond"
-74.20931,39.85095,"Deer Head Lake _05ts","Deer Head Lake"
-74.25126,41.11093,"Cupsaw Lake _05t8","Cupsaw Lake"
-74.35098,41.01288,"Cold Spring Lake _05rx","Cold Spring Lake"
-74.2532,40.149,"Aldrich Lake _05nr","Aldrich Lake"
-74.46904,40.91038,"Cedar Lake _05rc","Cedar Lake"
-74.77794,40.27316,"Ceva Lake _05rg","Ceva Lake"
-74.59988,40.83427,"Lake Cherokee _05rk","Lake Cherokee"
-74.54682,40.90121,"Clark Pond _05rp","Clark Pond"
-74.21681,41.0076,"Clark Pond _05rq","Clark Pond"
-74.17959,40.8251,"Clarks Pond _05rr","Clarks Pond"
-74.5046,41.01676,"Cozy Lake _05sp","Cozy Lake"
-74.61155,41.2151,"Clove Acres Lake _05ru","Clove Acres Lake"
-74.40793,40.6001,"Cedar Brook Lake _05r9","Cedar Brook Lake"
-74.72266,40.25511,"Colonial Lake _05s0","Colonial Lake"
-74.0268,40.16623,"Lake Como _05s6","Lake Como"
-74.07514,41.07287,"Connoley Lake _05s7","Connoley Lake"
-74.22459,41.01676,"Conrad Pond _05s8","Conrad Pond"
-74.58571,40.17594,"Conines Millpond _05sa","Conines Millpond"
-74.45877,40.91149,"Cooks Pond _05sd","Cooks Pond"
-74.17237,41.02982,"Cooks Pond _05se","Cooks Pond"
-74.26681,41.05926,"Clots Lake _05rt","Clots Lake"
-73.52596,41.31371,"Turtle Pond _05i6","Turtle Pond"
-73.67346,41.05676,"Toll Gate Pond _05hd","Toll Gate Pond"
-72.68787,41.29232,"Town Millpond _05hj","Town Millpond"
-73.08344,41.54899,"Tracys Pond _05hn","Tracys Pond"
-73.46401,41.17482,"Trails End Pond _05ho","Trails End Pond"
-73.23595,41.51426,"Transylvania Pond _05hq","Transylvania Pond"
-73.14094,41.26454,"Trap Falls Reservoir _05hr","Trap Falls Reservoir"
-74.50238,40.95315,"Lake Ames _05nw","Lake Ames"
-72.91594,41.38454,"Turners Pond _05i5","Turners Pond"
-73.46762,41.18093,"Thayers Pond _05h8","Thayers Pond"
-73.47873,41.40454,"Turtle Pond _05i7","Turtle Pond"
-73.02622,41.50815,"Union Ice Company Pond _05ib","Union Ice Company Pond"
-73.04011,41.57204,"Upper Fulton Park Pond _05ic","Upper Fulton Park Pond"
-73.48985,41.42287,"Upper Kohanza Lake _05id","Upper Kohanza Lake"
-73.0215,41.6851,"Upper Pond _05ie","Upper Pond"
-73.46012,41.41009,"Lake Wackawana _05ik","Lake Wackawana"
-72.78982,41.29593,"Wards Millpond _05is","Wards Millpond"
-73.11539,41.29899,"Tri-Lake _05hs","Tri-Lake"
-73.45346,41.21676,"Streets Pond _05gj","Streets Pond"
-73.48262,41.14704,"Mill Pond _01eb","Mill Pond"
-73.07955,41.36787,"Spring Lake _05fy","Spring Lake"
-72.76926,41.46982,"Spring Lake _05fz","Spring Lake"
-73.46123,41.17287,"Spruce Pond _05g4","Spruce Pond"
-73.50485,41.43343,"Sterns Pond _05g8","Sterns Pond"
-73.17122,41.19649,"Stillman Pond _05gb","Stillman Pond"
-73.55707,41.07287,"Stillwater Pond _05gc","Stillwater Pond"
-72.69482,41.31288,"Thirsty Lake _05hb","Thirsty Lake"
-73.4529,41.07537,"Streets Pond _05gi","Streets Pond"
-72.96427,41.5626,"Theriaults Ice Pond _05ha","Theriaults Ice Pond"
-73.16483,41.21093,"Success Lake _05go","Success Lake"
-73.10955,41.41815,"Swan Lake _05gu","Swan Lake"
-72.8376,41.26176,"Talmage Pond _05gx","Talmage Pond"
-72.78899,41.2676,"Talmages Ice Pond _05gy","Talmages Ice Pond"
-73.3329,41.41065,"Taunton Pond _05h3","Taunton Pond"
-73.49151,41.31704,"Taylors Pond _05h5","Taylors Pond"
-72.97233,41.3851,"Lake Watrous _05iy","Lake Watrous"
-73.09066,41.5351,"Straw Pond _05gh","Straw Pond"
-72.94733,41.5776,"Southington Reservoir Number 2 _05ly","Southington Reservoir Number 2"
-73.45429,41.15399,"Wardwell Pond _05it","Wardwell Pond"
-73.3804,41.10065,"Bermuda Lagoon _05l2","Bermuda Lagoon"
-72.7026,41.28704,"Bishops Pond _05li","Bishops Pond"
-73.06955,41.59871,"Sylvan Lake _05lr","Sylvan Lake"
-72.59704,41.28093,"Tuxis Pond _05ls","Tuxis Pond"
-73.02455,41.52537,"Hills Pond Number 1 _05lu","Hills Pond Number 1"
-73.02622,41.52204,"Hills Pond Number 2 _05lv","Hills Pond Number 2"
-73.09066,41.68149,"Northfield Brook Lake _05kn","Northfield Brook Lake"
-73.38179,41.58954,"Reservoir Number 3 _05lx","Reservoir Number 3"
-73.02622,41.68204,"Zeiner Pond _05kk","Zeiner Pond"
-73.03344,41.6901,"Terryville Reservoir Number 2 _05lz","Terryville Reservoir Number 2"
-73.02844,41.50121,"Water Company Pond Number 1 _05m0","Water Company Pond Number 1"
-72.99483,41.52204,"Waterbury Reservoir Number 2 _05m1","Waterbury Reservoir Number 2"
-74.14764,39.85095,"Wire Pond _05m6","Wire Pond"
-74.39765,40.89593,"Boonton Reservoir _05no","Boonton Reservoir"
-74.26681,40.92177,"Adams Lake _05np","Adams Lake"
-74.03403,40.2065,"Alberta Lake _05nq","Alberta Lake"
-73.08066,41.51815,"Pakovitch Ponds Number 1 _05lw","Pakovitch Ponds Number 1"
-73.12511,41.58204,"Lake Winnemaug _05k3","Lake Winnemaug"
-73.44957,41.17204,"South Norwalk Reservoir _05fm","South Norwalk Reservoir"
-73.01538,41.60315,"Welton Pond _05j2","Welton Pond"
-73.02983,41.30426,"Wepawaug Reservoir _05j3","Wepawaug Reservoir"
-73.04344,41.27926,"Lake Wepawaug _05j5","Lake Wepawaug"
-73.03761,41.59037,"Lake Wequapauset _05j6","Lake Wequapauset"
-72.9501,41.50232,"West Brook Reservoir _05jd","West Brook Reservoir"
-72.73093,41.33843,"West Lake _05jf","West Lake"
-72.74121,41.33704,"Clear Lake _05ko","Clear Lake"
-72.90982,41.33676,"Lake Whitney _05jv","Lake Whitney"
-73.24373,41.39565,"Warner Pond _05iu","Warner Pond"
-73.42595,41.15037,"Winnipauk Millpond _05k4","Winnipauk Millpond"
-72.96844,41.35371,"Lake Wintergreen _05k6","Lake Wintergreen"
-72.68676,41.3051,"Witch Hazel Millpond _05k7","Witch Hazel Millpond"
-72.83093,41.47538,"Woodings Pond _05kb","Woodings Pond"
-72.89177,41.40732,"Woodruffs Pond _05kc","Woodruffs Pond"
-73.40595,41.13676,"Woods Pond _05kd","Woods Pond"
-72.77649,41.27065,"Youngs Pond _05kj","Youngs Pond"
-72.5862,41.3051,"Whedons Pond _05ju","Whedons Pond"
-73.02011,41.49315,"Hopkins Pond _00aw","Hopkins Pond"
-73.09066,41.2051,"Beaver Brook Ponds _007w","Beaver Brook Ponds"
-73.06038,41.25426,"Bristols Ice Pond (historical) _008c","Bristols Ice Pond (historical)"
-72.95649,41.32176,"Center Pond _008r","Center Pond"
-72.89566,41.41371,"Clarks Pond _0093","Clarks Pond"
-73.0865,41.53343,"Clay Pond _0094","Clay Pond"
-73.08428,41.3526,"Coe Pond _0096","Coe Pond"
-73.43623,41.60509,"Ladner Pond _0028","Ladner Pond"
-72.95399,41.31426,"Edgewood Park Pond _009v","Edgewood Park Pond"
-72.82649,41.4751,"Wooding Ice Pond (historical) _0077","Wooding Ice Pond (historical)"
-72.95816,41.32315,"Iris Pond _00b3","Iris Pond"
-72.77593,41.51343,"Ives Pond _00b4","Ives Pond"
-72.79315,41.53732,"Jordan Pond _00bb","Jordan Pond"
-72.95594,41.32149,"Lily Pond _00bn","Lily Pond"
-72.95677,41.31426,"Long Pond _00bp","Long Pond"
-73.25567,41.1551,"Bellarmine Pond _00ck","Bellarmine Pond"
-73.42234,41.1201,"Bishop Mill Pond (historical) _00cm","Bishop Mill Pond (historical)"
-73.00094,41.2651,"Crosbys Pond _009g","Crosbys Pond"
-73.07733,41.37676,"Spring Water Lake _005n","Spring Water Lake"
-73.54568,41.12454,"Bendels Pond _00nn","Bendels Pond"
-73.00122,41.47343,"Straitsville Reservoir _002a","Straitsville Reservoir"
-73.64291,41.06343,"West Fork Pond _002b","West Fork Pond"
-73.13567,41.60287,"Bald Hill Reservoir _002n","Bald Hill Reservoir"
-72.99316,41.64149,"Hidden Lake _002z","Hidden Lake"
-73.02038,41.88815,"Laurel Lake _0033","Laurel Lake"
-72.91538,41.37954,"Mix Pond (historical) _003s","Mix Pond (historical)"
-72.89399,41.40676,"Woodruffs Pond (historical) _0079","Woodruffs Pond (historical)"
-72.81177,41.55426,"New Dam Pond _0041","New Dam Pond"
-72.8351,41.47399,"Woodings Pond _0078","Woodings Pond"
-72.67593,41.31121,"Sullivans Pits Septic Lagoons _005u","Sullivans Pits Septic Lagoons"
-73.05594,41.22399,"Upper Lagoon _0069","Upper Lagoon"
-72.6851,41.32593,"Valley Shores Pond North _006c","Valley Shores Pond North"
-72.68093,41.32093,"Valley Shores Pond South _006d","Valley Shores Pond South"
-73.04039,41.48926,"Vanasso Pond _006e","Vanasso Pond"
-72.89982,41.38037,"Web Shop Pond _006r","Web Shop Pond"
-73.37012,41.18399,"Held Pond _00ey","Held Pond"
-73.06928,41.48871,"Naugatuck Ice Company Pond _003z","Naugatuck Ice Company Pond"
-72.63093,41.3726,"Bartlett Pond _00ls","Bartlett Pond"
-73.44651,41.0776,"Chalmers Pond _00d3","Chalmers Pond"
-73.12455,41.59037,"Balmoral Farm Pond _00kw","Balmoral Farm Pond"
-73.30984,41.15676,"Banks Pond _00kx","Banks Pond"
-73.07705,41.50982,"Barbers Pond _00ky","Barbers Pond"
-74.4371,40.92371,"Lake Tumble-In _00kz","Lake Tumble-In"
-74.42793,40.88204,"Manor Lake _00l0","Manor Lake"
-72.95344,41.90926,"Barkhamsted Reservoir _00l1","Barkhamsted Reservoir"
-72.77426,41.54704,"Baldwins Pond _00ku","Baldwins Pond"
-74.46738,40.83232,"Walrus Pond _00l6","Walrus Pond"
-73.11428,41.27537,"Baird Millpond _00kp","Baird Millpond"
-73.06427,41.50621,"Baummer Pond _00m3","Baummer Pond"
-73.58263,41.12732,"Bear Rock Pond _00mi","Bear Rock Pond"
-72.69898,41.26843,"Beattie Pond _00mt","Beattie Pond"
-73.14039,41.25093,"Beaver Dam Lake _00n6","Beaver Dam Lake"
-72.78593,41.5701,"Beaver Pond _00n7","Beaver Pond"
-73.00844,41.50287,"Beer Pond _00nf","Beer Pond"
-72.83454,41.54871,"Mirror Lake _01eh","Mirror Lake"
-74.46682,40.90149,"Diamond Springs Pond _00l4","Diamond Springs Pond"
-74.05236,40.36067,"Shippees Pond _00ju","Shippees Pond"
-72.75288,41.5051,"High Hill Pond _0027","High Hill Pond"
-73.05705,41.22565,"Lower Lagoon _00f2","Lower Lagoon"
-74.00514,40.23122,"Deal Lake _00fh","Deal Lake"
-74.00097,40.21734,"Wesley Lake _00fi","Wesley Lake"
-74.36071,40.74593,"Canoe Brook Reservoir  2 _00fp","Canoe Brook Reservoir  Number 2"
-74.34959,40.74732,"Canoe Brook Reservoir Number 1 _00fq","Canoe Brook Reservoir Number 1"
-74.74599,40.34538,"Honey Lake _00g0","Honey Lake"
-73.52346,41.46259,"Ball Pond _00kv","Ball Pond"
-74.87517,40.58149,"Echo Lake (historical) _00i6","Echo Lake (historical)"
-73.50818,41.10371,"Woodway Golf Club Pond _00es","Woodway Golf Club Pond"
-74.56099,40.88649,"Dover Pond (historical) _00k8","Dover Pond (historical)"
-73.11094,41.54371,"Abbotts Pond _00ka","Abbotts Pond"
-73.07289,41.32065,"Ansonia Reservoir _00kg","Ansonia Reservoir"
-73.58457,41.10954,"Attschul Pond _00kk","Attschul Pond"
-73.129,41.56037,"Atwood Pond _00kl","Atwood Pond"
-73.11178,41.57676,"Atwood Pond _00km","Atwood Pond"
-72.90399,41.42315,"Axle Shop Pond _00kn","Axle Shop Pond"
-74.67821,40.36066,"Mountain Lake _00g1","Mountain Lake"
-72.96788,41.35343,"Lake Wintergreen _000x","Lake Wintergreen"
-73.11955,41.30843,"Shelton Reservoir Number 3 _000p","Shelton Reservoir Number 3"
-73.13122,41.8051,"Church Street Reservoir _000q","Church Street Reservoir"
-72.96455,41.26843,"Upper Lake Phipps _000r","Upper Lake Phipps"
-72.96955,41.2651,"Upper Lake Phipps _000s","Upper Lake Phipps"
-72.97121,41.3051,"Maltby Lower Lake _000t","Maltby Lower Lake"
-72.97955,41.30676,"Maltby Lakes North _000u","Maltby Lakes North"
-72.6262,41.3551,"Laurelwood Pond _0029","Laurelwood Pond"
-72.86121,41.28176,"Lake Saltonstall _000w","Lake Saltonstall"
-73.08455,41.36843,"Naugatuck River Reservoir _000m","Naugatuck River Reservoir"
-72.89955,41.43676,"Butterworth Brook Reservoir _000y","Butterworth Brook Reservoir"
-73.09789,41.60176,"Echo Lake _000z","Echo Lake"
-73.06955,41.48843,"Thurston Pond _0010","Thurston Pond"
-73.04955,41.4951,"Naugatuck River Reservoir _0011","Naugatuck River Reservoir"
-72.75121,41.52343,"Black Pond _0012","Black Pond"
-73.03955,41.52676,"Risdon Pond _0013","Risdon Pond"
-73.45457,41.21676,"Popes Pond _0014","Popes Pond"
-72.98288,41.30343,"Maltby Lakes West _000v","Maltby Lakes West"
-73.54457,41.1651,"Laurel Reservoir _000f","Laurel Reservoir"
-75.18517,41.45898,"Lake Wallenpaupack _0006","Lake Wallenpaupack"
-73.28623,41.14176,"Sherwood Millpond _0007","Sherwood Millpond"
-73.07455,41.3201,"Lower Ansonia Reservoir _0008","Lower Ansonia Reservoir"
-73.07289,41.3201,"Upper Ansonia Reservoir _0009","Upper Ansonia Reservoir"
-73.01455,41.53843,"City Mills Ponds _000a","City Mills Ponds"
-73.5779,41.06843,"Mianus River Reservoir _000b","Mianus River Reservoir"
-73.66291,41.02843,"Byram River Reservoir _000c","Byram River Reservoir"
-73.00788,41.31676,"Shelton Reservoir _000o","Shelton Reservoir"
-73.58957,41.04176,"Mianus River Pond _000e","Mianus River Pond"
-73.08622,41.39676,"Hoadley Pond _000n","Hoadley Pond"
-73.66124,41.14343,"Saddle Pond _000g","Saddle Pond"
-73.4479,41.07843,"Chasmars Pond _000h","Chasmars Pond"
-73.37123,41.13676,"Nash Pond _000i","Nash Pond"
-73.38623,41.3551,"Bethels Pond _000j","Bethels Pond"
-73.23456,41.2451,"Canoe Brook Lake _000k","Canoe Brook Lake"
-73.14122,41.24676,"Beaver Dam Lake _000l","Beaver Dam Lake"
-73.50957,41.32509,"Lake Naraneka _0017","Lake Naraneka"
-73.66624,41.03843,"Mill Pond _000d","Mill Pond"
-72.94288,41.39676,"Farm Brook Reservoir _001z","Farm Brook Reservoir"
-73.52457,41.3201,"Mamanasco Pond _0015","Mamanasco Pond"
-73.01455,41.24843,"Indian Lake _001r","Indian Lake"
-73.07789,41.39843,"Little River Reservoir _001s","Little River Reservoir"
-73.05789,41.39676,"Bladens River Reservoir _001t","Bladens River Reservoir"
-72.93455,41.4851,"Mystic Reservoir _001u","Mystic Reservoir"
-73.08455,41.35343,"Cone Pond _001v","Cone Pond"
-72.81788,41.49176,"Upper River Pond _001w","Upper River Pond"
-73.65457,41.0401,"Indian Spring Pond _001p","Indian Spring Pond"
-73.02455,41.5501,"John Dees Pond _001y","John Dees Pond"
-73.47123,41.2401,"Spectacle Swamp _001o","Spectacle Swamp"
-73.37123,41.2151,"Beaver Brook Pond _0020","Beaver Brook Pond"
-72.70454,41.35676,"Kelsey Pond _0021","Kelsey Pond"
-73.25789,41.4901,"Gravel Pond _0022","Gravel Pond"
-72.94288,41.3701,"Farm Brook Site 2A Reservoir _0023","Farm Brook Site 2A Reservoir"
-72.93955,41.3701,"Farm Brook Site 2B Reservoir _0024","Farm Brook Site 2B Reservoir"
-73.5079,41.37009,"Shadow Lake _0025","Shadow Lake"
-73.19122,41.29176,"Bantam Pond _0026","Bantam Pond"
-73.02288,41.57176,"Belleview Lake _001x","Belleview Lake"
-73.41957,41.55676,"Day Pond _001g","Day Pond"
-74.03514,40.84871,"Willow Lake _00np","Willow Lake"
-73.40957,41.56509,"Housatonic River Reservoir _0018","Housatonic River Reservoir"
-73.03455,41.69343,"Terryville Reservoir Number 3 _0019","Terryville Reservoir Number 3"
-72.98455,41.57843,"Cornelis Pond _001a","Cornelis Pond"
-72.99122,41.5801,"Woodtick Reservoir _001b","Woodtick Reservoir"
-72.92455,41.53343,"Moss Farms Pond _001c","Moss Farms Pond"
-73.27623,41.43343,"Pootatuck River Reservoir _001d","Pootatuck River Reservoir"
-73.63957,41.05843,"Spahn Pond _001q","Spahn Pond"
-72.96955,41.3851,"Lake Watrous _001f","Lake Watrous"
-73.50957,41.33843,"Lake Windwing _0016","Lake Windwing"
-73.47957,41.48009,"Forest Lake _001h","Forest Lake"
-73.08455,41.4351,"Seymour Reservoir Number 1 _001i","Seymour Reservoir Number 1"
-73.08122,41.77843,"Lake Harwinton _001j","Lake Harwinton"
-73.01788,41.88676,"Laurel Lake _001k","Laurel Lake"
-73.07789,41.39343,"Naugatuck River Reservoir _001l","Naugatuck River Reservoir"
-72.68454,41.32676,"Guilford Lake _001m","Guilford Lake"
-72.68121,41.33676,"Upper Guilford Lake _001n","Upper Guilford Lake"
-73.25123,41.39843,"Wellgoto Pond _001e","Wellgoto Pond"
-73.00983,41.25065,"Indian Lake _018l","Indian Lake"
-72.63287,41.30621,"Goulds Pond _016a","Goulds Pond"
-72.85871,41.30426,"Graniss Pond _016g","Graniss Pond"
-73.02261,41.57093,"Great Brook Reservoir _016m","Great Brook Reservoir"
-73.0665,41.51371,"Hop Brook Lake _0171","Hop Brook Lake"
-72.58509,41.29815,"Horse Pond _0178","Horse Pond"
-72.95816,41.30204,"Horseshoe Lagoon _017b","Horseshoe Lagoon"
-73.42179,41.56982,"Ferris Pond _013k","Ferris Pond"
-73.00011,41.64149,"Indian Heaven Pond _018i","Indian Heaven Pond"
-72.97927,41.37787,"Glen Lake _015l","Glen Lake"
-73.17567,41.29093,"Isinglass Reservoir _019f","Isinglass Reservoir"
-73.20428,41.21621,"Island Brook Lagoon _019i","Island Brook Lagoon"
-73.50207,41.11954,"Jellif Mill Pond _019p","Jellif Mill Pond"
-72.91649,41.43482,"Jepp Pond _019t","Jepp Pond"
-73.49346,41.20037,"John D Milne Lake _01a2","John D Milne Lake"
-73.46012,41.27315,"Johns Pond _01a3","Johns Pond"
-73.21678,41.28287,"Kaatz Pond _01a8","Kaatz Pond"
-72.58204,41.28454,"Hummers Pond _017k","Hummers Pond"
-73.74167,41.36167,"Bloomer Pond _014w","Bloomer Pond"
-73.12372,41.54899,"Beetle Bung Pond _00ng","Beetle Bung Pond"
-73.20595,41.21815,"Lake Forest _013v","Lake Forest"
-73.099,41.35621,"Fountain Lake Reservoir _0142","Fountain Lake Reservoir"
-73.40234,41.13926,"Fourteen Acre Pond _0143","Fourteen Acre Pond"
-73.48873,41.32815,"Fox Hill Lake _0144","Fox Hill Lake"
-72.83788,41.32593,"Foxon Pond _0145","Foxon Pond"
-73.12983,41.17204,"Frash Pond _014p","Frash Pond"
-73.47762,41.05899,"Gorhams Pond _0166","Gorhams Pond"
-72.99733,41.55121,"Frost Road Pond _014v","Frost Road Pond"
-73.87889,40.85556,"Cope Lake _015n","Cope Lake"
-73.60429,41.0801,"Fyre Lake _014z","Fyre Lake"
-72.76538,41.34065,"Lake Gaillard _0151","Lake Gaillard"
-73.8775,40.8775,"Williamsbridge Reservoir _0153","Williamsbridge Reservoir"
-72.61954,41.28677,"Game Farm Pond _015b","Game Farm Pond"
-73.89444,40.83833,"Indian Pond _015e","Indian Pond"
-73.52846,41.48982,"Gerow Millpond _015j","Gerow Millpond"
-73.43095,41.13065,"Kellogg Pond _01ad","Kellogg Pond"
-73.16456,41.24287,"Frog Pond _014u","Frog Pond"
-73.15761,41.31593,"Means Brook Reservoir _01ds","Means Brook Reservoir"
-73.25512,41.38426,"Keating Pond _01a9","Keating Pond"
-72.69315,41.35176,"Malleys Pond _01d8","Malleys Pond"
-72.97899,41.30482,"Maltby Lake _01da","Maltby Lake"
-73.52651,41.31843,"Mamanasco Lake _01db","Mamanasco Lake"
-73.47735,41.44148,"Margerie Lake Reservoir _01de","Margerie Lake Reservoir"
-73.00205,41.63288,"Marino Pond _01dg","Marino Pond"
-73.04205,41.66815,"Masterbone Pond _01dl","Masterbone Pond"
-73.47901,41.41454,"Lower Kohanza Lake _01d3","Lower Kohanza Lake"
-73.57068,41.12899,"McManus Lake _01dp","McManus Lake"
-73.03844,41.56871,"Lower Fulton Park Pond _01d2","Lower Fulton Park Pond"
-73.47679,41.40148,"Mercers Pond _01dv","Mercers Pond"
-73.58512,41.0501,"Mianus Pond _01e0","Mianus Pond"
-73.02038,41.68232,"Middle Pond _01e2","Middle Pond"
-73.06039,41.36565,"Middle Reservoir _01e3","Middle Reservoir"
-73.09011,41.20537,"Milford Reservoir _01e6","Milford Reservoir"
-73.40373,41.1001,"Mill Pond _01ea","Mill Pond"
-74.57238,40.8726,"Dover Reservoir _05u8","Dover Reservoir"
-73.47623,41.11149,"Mathers Pond _01dm","Mathers Pond"
-72.82093,41.31371,"Lidyhites Pond _01c2","Lidyhites Pond"
-72.98761,41.64788,"Fall Mountain Lake _0139","Fall Mountain Lake"
-73.5029,41.38426,"Lake Kenosia _01ag","Lake Kenosia"
-73.47318,41.21315,"Kents Pond _01ai","Kents Pond"
-73.37734,41.38093,"King Lake _01ar","King Lake"
-72.74426,41.31149,"Kneuer Pond _01b2","Kneuer Pond"
-72.9801,41.35149,"Konolds Pond _01bc","Konolds Pond"
-72.95399,41.54371,"Larsens Pond _01br","Larsens Pond"
-72.62287,41.32704,"Madison Lakes _01d7","Madison Lakes"
-73.36706,41.15732,"Lee Pond _01bw","Lee Pond"
-73.44512,41.41426,"Kellners Pond _01ac","Kellners Pond"
-73.08066,41.22399,"Lily Pond _01c8","Lily Pond"
-72.9751,41.33565,"Lily Pond _01c9","Lily Pond"
-72.78482,41.3176,"Linsley Pond _01cf","Linsley Pond"
-73.47568,41.3176,"Little Pond _01ck","Little Pond"
-73.09316,41.55204,"Little Tracys Pond _01cn","Little Tracys Pond"
-72.73482,41.33649,"Little West Pond _01co","Little West Pond"
-73.53068,41.17371,"Lockwood Pond _01cp","Lockwood Pond"
-73.37234,41.22426,"Laurel Lake _01bt","Laurel Lake"
-73.68069,41.16565,"Davis Pond _00wb","Davis Pond"
-73.44929,41.27121,"Candees Pond _00uj","Candees Pond"
-73.44957,41.50009,"Lake Candlewood _00uz","Lake Candlewood"
-73.23789,41.25343,"Canoe Brook Lake _00v2","Canoe Brook Lake"
-73.33428,41.40648,"Carp Pond _00vm","Carp Pond"
-73.0865,41.42537,"Carrington Pond _00vt","Carrington Pond"
-73.82875,41.13898,"Ice Pond _00w4","Ice Pond"
-73.46234,41.11121,"Florshiem Pond _013u","Florshiem Pond"
-73.8818,41.27259,"Nelson Pond _00w6","Nelson Pond"
-73.84375,41.16232,"Ossining Reservoir _00uf","Ossining Reservoir"
-73.69513,40.97593,"Mead Pond _00wc","Mead Pond"
-72.77954,41.32121,"Cedar Pond _00we","Cedar Pond"
-72.98844,41.39343,"Lake Chamberlain _00wj","Lake Chamberlain"
-73.19539,41.20537,"Chamberland Pond _00wk","Chamberland Pond"
-73.75958,41.04676,"Todds Pond _00wm","Todds Pond"
-72.94677,41.50121,"Cheshire Reservoir _00xl","Cheshire Reservoir"
-73.00649,41.59593,"Chestnut Hill Reservoir _00z5","Chestnut Hill Reservoir"
-73.31373,41.44287,"Cavanaugh Pond _00w5","Cavanaugh Pond"
-73.12622,41.19065,"Brewsters Pond _00rd","Brewsters Pond"
-73.11205,41.81399,"Besse Park Pond _00oi","Besse Park Pond"
-72.96816,41.41287,"Lake Bethany _00ot","Lake Bethany"
-72.98983,41.3301,"Bishops Pond _00p8","Bishops Pond"
-72.76649,41.50704,"Bishops Pond _00p9","Bishops Pond"
-73.10567,41.6576,"Black Rock Lake _00q1","Black Rock Lake"
-73.45179,41.15899,"Blanchard Pond _00q5","Blanchard Pond"
-73.61402,41.08093,"Bolling Pond _00qc","Bolling Pond"
-73.02122,41.47676,"Candee Reservoir _00ui","Candee Reservoir"
-72.80399,41.29787,"Branford Supply Ponds _00rb","Branford Supply Ponds"
-73.82597,41.17482,"Royall Pond _00ug","Royall Pond"
-72.85955,41.50482,"Broad Brook Reservoir _00rg","Broad Brook Reservoir"
-72.95427,41.5201,"Brooks Pond _00ro","Brooks Pond"
-73.15456,41.18621,"Bruce Pond _00ry","Bruce Pond"
-72.8651,41.37121,"Bruces Ice Pond _00rz","Bruces Ice Pond"
-73.29845,41.13982,"Bulkley Pond _00s7","Bulkley Pond"
-73.18622,41.20676,"Bunnells Pond _00sg","Bunnells Pond"
-73.87125,40.94371,"Fort Field Reservoir (hist) _00za","Fort Field Reservoir (historical)"
-74.19014,40.80066,"Oakes Pond (historical) _00qh","Oakes Pond (historical)"
-73.25567,41.24871,"Easton Reservoir _012r","Easton Reservoir"
-73.98236,40.75343,"Croton Reservoir (historical) _00z8","Croton Reservoir (historical)"
-73.49512,41.40871,"Dickens Pond _011w","Dickens Pond"
-73.47457,41.46648,"Disbrow Pond _011y","Disbrow Pond"
-73.46345,41.17204,"Domenicks Pond _0120","Domenicks Pond"
-73.62374,41.08399,"Dommericks Pond _0121","Dommericks Pond"
-73.56679,41.16926,"Doughnut Lake _0123","Doughnut Lake"
-73.44846,41.42093,"Doyles Pond _0125","Doyles Pond"
-72.97955,41.36815,"Lake Dawson _011r","Lake Dawson"
-73.00622,41.52871,"East Mountain Reservoir _012k","East Mountain Reservoir"
-73.43568,41.1351,"Davis Pond _011q","Davis Pond"
-73.09761,41.6001,"Echo Lake _012u","Echo Lake"
-73.21817,41.24537,"Ehrsam Pond _012y","Ehrsam Pond"
-72.7251,41.26815,"Emery Pond _0130","Emery Pond"
-72.71037,41.30788,"Enders Pond _0131","Enders Pond"
-73.15678,41.57787,"Engleke Pond _0132","Engleke Pond"
-72.96066,41.59121,"Evers Pond _0133","Evers Pond"
-73.43262,41.26204,"Factory Pond _0134","Factory Pond"
-73.49012,41.43982,"East Lake Reservoir _012i","East Lake Reservoir"
-73.07789,41.36176,"Colony Pond _010o","Colony Pond"
-73.46734,41.11871,"Millard Pond _01eg","Millard Pond"
-73.014,41.54065,"City Mills Ponds _00zc","City Mills Ponds"
-73.02705,41.24371,"Clark Pond _00zj","Clark Pond"
-72.89594,41.41482,"Clarks Pond _00zt","Clarks Pond"
-73.06705,41.3801,"Clarks Pond _00zw","Clarks Pond"
-73.04955,41.26787,"Clarktown Pond _010a","Clarktown Pond"
-72.97622,41.60926,"Clintons Pond _010i","Clintons Pond"
-73.42873,41.13315,"Deering Pond _011t","Deering Pond"
-73.53679,41.16426,"Collins Pond _010n","Collins Pond"
-73.11761,41.30232,"Chordas Pond _00z9","Chordas Pond"
-72.82593,41.46426,"Community Lake _010r","Community Lake"
-73.13039,41.2401,"Cooks Pond _0111","Cooks Pond"
-73.52485,41.44176,"Corner Pond _0118","Corner Pond"
-73.6004,41.04982,"Cos Cob Pond _011a","Cos Cob Pond"
-73.11872,41.26537,"Cranberry Pond _011d","Cranberry Pond"
-73.25678,41.40704,"Curtis Pond _011k","Curtis Pond"
-73.36179,41.21037,"Davidge Pond _011p","Davidge Pond"
-73.38762,41.21065,"Cobbs Mill Pond _010l","Cobbs Mill Pond"
-73.06678,40.74399,"Lotus Lake _06zm","Lotus Lake"
-73.72541,41.34204,"Lake Lincolndale _06yu","Lake Lincolndale"
-72.88038,40.76704,"Little Fish Creek Pond _06z0","Little Fish Creek Pond"
-72.40842,40.91871,"Little Fresh Pond _06z1","Little Fresh Pond"
-72.29647,40.97732,"Little Long Pond _06z2","Little Long Pond"
-73.84125,41.14954,"Lodge Pool _06zb","Lodge Pool"
-73.67152,41.1451,"Long Pond _06zj","Long Pond"
-73.7968,41.61787,"Hillside Lake _06wd","Hillside Lake"
-73.54485,41.45565,"Lost Lake _06zl","Lost Lake"
-73.70069,40.81343,"Leeds Pond _06yk","Leeds Pond"
-73.92264,41.27037,"Lounsbury Pond _06zn","Lounsbury Pond"
-73.15039,40.74815,"Lower Pond _06zr","Lower Pond"
-73.20289,40.72593,"Lower Winganhauppauge Lake _06zs","Lower Winganhauppauge Lake"
-73.9982,41.18371,"Lake Lucille _06zt","Lake Lucille"
-73.73652,41.37954,"Lake Mahopac _06zz","Lake Mahopac"
-74.00958,41.94176,"Manor Lake _0706","Manor Lake"
-73.70485,41.23648,"Lake Marie _0709","Lake Marie"
-73.81791,41.32065,"Loretta Lake _06zk","Loretta Lake"
-73.57263,40.8826,"Kentuck Pond _06xz","Kentuck Pond"
-73.25762,40.71843,"O-co-nee Lake _073m","O-co-nee Lake"
-72.8451,40.90871,"Horn Pond _06wj","Horn Pond"
-73.79097,40.92788,"Huguenot Lake _06wr","Huguenot Lake"
-73.86569,41.19148,"Indian Brook Reservoir _06wy","Indian Brook Reservoir"
-73.91736,41.72287,"Inwood Lake _06x4","Inwood Lake"
-74.09431,41.10148,"Island Lake _06xb","Island Lake"
-73.8943,40.88121,"Jerome Park Reservoir _06xj","Jerome Park Reservoir"
-72.30064,40.9801,"Lily Pond _06ys","Lily Pond"
-73.76624,41.07399,"Kensico Reservoir _06xy","Kensico Reservoir"
-74.02347,41.52065,"Leighfs Pond _06yl","Leighfs Pond"
-73.80902,41.15704,"Kinderogen Lake _06y2","Kinderogen Lake"
-74.06681,42.01176,"Kingston Reservoir Number One _06y7","Kingston Reservoir Number One"
-73.75152,41.38509,"Kirk Lake _06y8","Kirk Lake"
-73.80597,40.74816,"Kissena Lake _06y9","Kissena Lake"
-73.20123,40.7326,"Knapps Lake _06yb","Knapps Lake"
-73.25456,40.71593,"Lawrence Lake _06yg","Lawrence Lake"
-73.99764,41.07982,"Martins Lake _070g","Martins Lake"
-73.65402,41.28871,"Lake Katonah _06xs","Lake Katonah"
-73.57402,40.6926,"Mullener Pond _072s","Mullener Pond"
-72.33342,41.12565,"Marion Lake _070a","Marion Lake"
-73.84819,41.31398,"Lake Mohegan _0725","Lake Mohegan"
-74.18931,41.32815,"Monroe Ponds _0726","Monroe Ponds"
-74.08014,41.0851,"Monsey Lake _0727","Monsey Lake"
-73.09039,40.83454,"Mooney Pond _072b","Mooney Pond"
-73.90847,41.71565,"Morgan Lake _072c","Morgan Lake"
-74.16376,41.32315,"Mountain Lakes _072n","Mountain Lakes"
-74.18098,41.16232,"Mirror Lake _0720","Mirror Lake"
-73.72291,41.38426,"Mud Pond _072q","Mud Pond"
-73.26262,40.71454,"Mirror Lake _071z","Mirror Lake"
-73.76458,41.13732,"Munson Pond _072t","Munson Pond"
-73.85541,41.22648,"New Croton Reservoir _0734","New Croton Reservoir"
-73.22789,40.84232,"New Millpond _0735","New Millpond"
-73.54374,40.66566,"Newbridge Pond _0737","Newbridge Pond"
-73.67457,41.14871,"North Lake _073d","North Lake"
-72.84871,40.92871,"North Pond _073e","North Pond"
-74.17348,40.79038,"Hendricks Pond _06m7","Hendricks Pond"
-74.03125,41.49704,"Muchattoes Lake _072o","Muchattoes Lake"
-73.60235,40.65205,"Milburn Pond _071j","Milburn Pond"
-74.14653,41.35565,"Hillside Lake _06wc","Hillside Lake"
-73.46874,40.66705,"Massapequa Lake _070j","Massapequa Lake"
-73.84069,40.73427,"Meadow Lake _070u","Meadow Lake"
-73.95014,41.25343,"Lake Meahagh _070v","Lake Meahagh"
-73.6029,41.48093,"Mendel Pond _0712","Mendel Pond"
-74.18542,41.37398,"Merriewold Lake _0716","Merriewold Lake"
-72.66676,40.92871,"Merritts Pond _0717","Merritts Pond"
-73.91764,41.28148,"Lake Mitchell _0722","Lake Mitchell"
-73.64874,41.39009,"Middle Branch Reservoir _071d","Middle Branch Reservoir"
-72.52398,40.99316,"Marratooka Pond _070c","Marratooka Pond"
-73.37095,40.88982,"Mill Pond _071m","Mill Pond"
-73.83402,41.28315,"Mill Pond _071n","Mill Pond"
-73.68513,41.51287,"Mill Pond _071o","Mill Pond"
-73.07539,40.74288,"Mill Pond _071p","Mill Pond"
-73.54012,40.87399,"Mill Pond _071q","Mill Pond"
-73.19678,40.84538,"Millers Pond _071u","Millers Pond"
-73.14817,40.8976,"Mills Pond _071w","Mills Pond"
-72.58926,40.93316,"Miamogue Lagoon _071a","Miamogue Lagoon"
-73.75624,41.07399,"Cranberry Lakes _06py","Cranberry Lakes"
-72.67426,40.9126,"Cheney Pond _06p0","Cheney Pond"
-73.80763,41.1276,"Choate Pond _06p3","Choate Pond"
-73.93708,41.62093,"Cobalt Lake _06pa","Cobalt Lake"
-73.67013,41.16037,"Cobamong Pond _06pb","Cobamong Pond"
-73.93903,41.14315,"Congers Lake _06pj","Congers Lake"
-73.74541,40.65899,"Conselyeas Pond _06pm","Conselyeas Pond"
-73.86875,40.91593,"Hillview Reservoir _06we","Hillview Reservoir"
-74.1582,41.34232,"Coronet Lake _06pt","Coronet Lake"
-73.71013,41.38593,"Lake Casse _06oe","Lake Casse"
-72.84316,40.91427,"Cranberry Pond _06pz","Cranberry Pond"
-73.8268,40.97176,"Crestwood Lake _06q0","Crestwood Lake"
-73.66485,41.26565,"Cross River Reservoir _06q4","Cross River Reservoir"
-73.66513,41.35787,"Croton Falls Reservoir _06q6","Croton Falls Reservoir"
-73.97097,41.35482,"Crystal Lake _06qc","Crystal Lake"
-74.03986,41.49704,"Crystal Lake _06qd","Crystal Lake"
-73.95875,41.14537,"DeForest Lake _06qh","DeForest Lake"
-72.84399,40.91732,"Corey Pond _06pp","Corey Pond"
-74.31432,41.02204,"Lower Morse Lake _06no","Lower Morse Lake"
-74.30654,40.73149,"Diamond Mill Pond _05tz","Diamond Mill Pond"
-74.00236,40.93065,"Cooper Pond _06mt","Cooper Pond"
-74.51876,40.25983,"Meadow Lakes _06n2","Meadow Lakes"
-74.1832,40.084,"Lake Shenandoah _06n5","Lake Shenandoah"
-74.44849,40.85066,"Mirror Pond _06ne","Mirror Pond"
-74.63655,41.02371,"Beisers Pond _06nf","Beisers Pond"
-74.75989,41.06704,"Hortons Pond _06ng","Hortons Pond"
-74.06875,41.56509,"Chaddwick Lake _06oq","Chaddwick Lake"
-74.31626,41.01871,"Upper Morse Lake _06nn","Upper Morse Lake"
-72.67593,40.90871,"Cedar Pond _06om","Cedar Pond"
-74.27876,41.0726,"Hidden Valley Lake _06np","Hidden Valley Lake"
-74.26598,39.7329,"Holiday Lake _06nq","Holiday Lake"
-73.93291,40.91815,"Green Brook Pond _06nr","Green Brook Pond"
-73.9418,40.9251,"Pfisters Pond _06ns","Pfisters Pond"
-73.77791,40.9751,"Carpenter Pond _06ob","Carpenter Pond"
-73.26206,40.71288,"Cascades Lake _06od","Cascades Lake"
-72.96455,40.75149,"Dunton Lake _06r6","Dunton Lake"
-74.36821,41.07176,"Upper Mount Glen Lake _06nm","Upper Mount Glen Lake"
-73.30845,40.73593,"Guggenheim Lakes _06v2","Guggenheim Lakes"
-74.0482,41.88648,"DeWitt Lake _06qi","DeWitt Lake"
-73.73569,41.35009,"Glencoma Lake _06tz","Glencoma Lake"
-73.68374,41.41982,"Lake Gleneida _06u1","Lake Gleneida"
-73.80152,40.91899,"Glenwood Lake _06u2","Glenwood Lake"
-73.12039,40.84927,"Gould Pond _06ua","Gould Pond"
-73.85125,40.96038,"Grassy Sprain Reservoir _06ul","Grassy Sprain Reservoir"
-73.02066,40.76676,"Great Patchogue Lake _06us","Great Patchogue Lake"
-73.13928,40.84482,"Gibbs Pond _06tp","Gibbs Pond"
-73.87319,41.30204,"Gregory Pond _06v0","Gregory Pond"
-73.98347,41.33454,"Garrison Pond _06tg","Garrison Pond"
-74.02931,41.18898,"Gurnee Lake _06v6","Gurnee Lake"
-73.80013,41.1501,"Hardscrabble Lake _06vf","Hardscrabble Lake"
-73.95125,40.79649,"Harlem Meer _06vg","Harlem Meer"
-74.04431,41.49954,"Harrison Pond _06vk","Harrison Pond"
-73.31651,40.69871,"Hawleys Lake _06vo","Hawleys Lake"
-73.64402,40.67677,"Hempstead Lake _06vx","Hempstead Lake"
-74.33849,41.30454,"Hill Lake _06wb","Hill Lake"
-73.88597,41.62148,"Greens Pond _06uz","Greens Pond"
-74.1707,41.33704,"Forest Road Lake _06sq","Forest Road Lake"
-73.7593,40.75871,"Oakland Lake _073q","Oakland Lake"
-73.86819,41.64815,"East Bend Lake _06rb","East Bend Lake"
-73.56652,40.66205,"East Meadow Pond _06rh","East Meadow Pond"
-73.14456,40.74871,"East Pond _06rk","East Pond"
-73.80958,41.18037,"Echo Lake _06rr","Echo Lake"
-73.32845,40.72538,"Elda Lake _06rv","Elda Lake"
-73.82736,41.09899,"Fergusons Lake _06s4","Fergusons Lake"
-73.67569,41.39787,"Lake Gilead _06tr","Lake Gilead"
-73.73402,41.05899,"Forest Lake _06so","Forest Lake"
-73.73041,41.41898,"Dixon Lake _06qt","Dixon Lake"
-73.86708,41.10232,"Freemont Pond _06t3","Freemont Pond"
-73.29595,40.92176,"Fresh Pond _06t6","Fresh Pond"
-72.39008,40.96621,"Fresh Pond _06t7","Fresh Pond"
-73.90292,41.23315,"Railroad Pond _06tb","Railroad Pond"
-73.69624,41.64065,"Furnace Pond _06tc","Furnace Pond"
-74.00292,41.20621,"Garnerville Reservoir _06te","Garnerville Reservoir"
-73.93764,41.10565,"Garrabrant Pond _06tf","Garrabrant Pond"
-73.13983,40.96343,"Flax Pond _06se","Flax Pond"
-74.36126,41.23176,"Warwick Reservoir _07dw","Warwick Reservoir"
-73.88958,40.89038,"Van Cortlandt Lake _07d8","Van Cortlandt Lake"
-73.89958,41.6862,"Vassar Lake _07db","Vassar Lake"
-73.86597,41.79398,"Victory Lake _07dh","Victory Lake"
-73.93097,41.31509,"Wallace Pond _07dn","Wallace Pond"
-74.22487,41.30759,"Walton Lake _07dp","Walton Lake"
-73.82819,41.59065,"Lake Walton _07dq","Lake Walton"
-72.99344,40.7701,"Swan Lake _07b3","Swan Lake"
-73.91958,41.60093,"Wappinger Lake _07dt","Wappinger Lake"
-73.87847,41.35537,"Upper Cranberry Pond _07d0","Upper Cranberry Pond"
-74.06403,41.49482,"Lake Washington _07e0","Lake Washington"
-73.22928,40.84843,"Webster Pond _07e5","Webster Pond"
-73.1565,40.74538,"West Brook Pond _07ec","West Brook Pond"
-73.98514,41.3862,"Adolphs Pond _07eh","Adolphs Pond"
-73.92375,41.46426,"Barrett Pond _07ej","Barrett Pond"
-73.97319,41.37982,"Dassori Pond _07ep","Dassori Pond"
-73.96625,41.39343,"Delafield Pond _07er","Delafield Pond"
-73.5154,40.67232,"Wantagh Pond _07ds","Wantagh Pond"
-73.77597,40.89954,"Titus Millpond _07c1","Titus Millpond"
-73.26678,40.71621,"Nosreka Lake _073l","Nosreka Lake"
-73.74124,41.60898,"Sylvan Lake _07b6","Sylvan Lake"
-72.85455,40.91621,"Tarkill Pond _07bi","Tarkill Pond"
-73.83236,41.08287,"Tarrytown Reservoir _07bj","Tarrytown Reservoir"
-73.73013,41.35343,"Teakettle Spout Lake _07bk","Teakettle Spout Lake"
-73.75347,41.14398,"Tercia Pond _07bn","Tercia Pond"
-73.97236,40.77621,"The Lake _07bq","The Lake"
-73.22706,40.84788,"Vail Pond _07d3","Vail Pond"
-73.96069,40.79455,"The Pool _07bu","The Pool"
-73.20234,40.72871,"Upper Winganhauppauge Lake _07d1","Upper Winganhauppauge Lake"
-73.98986,41.27176,"Tomkins Lake _07c3","Tomkins Lake"
-73.61096,41.42121,"Lake Tonetta _07c7","Lake Tonetta"
-72.19369,40.95454,"Town Pond _07cb","Town Pond"
-73.55374,41.28176,"Truesdale Lake _07ci","Truesdale Lake"
-72.95399,40.90371,"Twin Ponds _07cr","Twin Ponds"
-73.75124,40.79788,"Udalls Millpond _07cs","Udalls Millpond"
-73.96208,41.3862,"Lusk Reservoir _07f8","Lusk Reservoir"
-73.97403,40.76593,"The Pond _07bt","The Pond"
-73.62874,40.8951,"Dosoris Pond _07jy","Dosoris Pond"
-72.83232,40.80677,"East Millpond _07ev","East Millpond"
-73.87069,40.89371,"Woodlawn Lake _07h0","Woodlawn Lake"
-72.87899,40.77927,"Woods Hole Pond _07h2","Woods Hole Pond"
-72.39758,40.95454,"Wooley Pond _07h3","Wooley Pond"
-73.68708,40.64399,"Grant Pond _07h8","Grant Pond"
-73.8343,41.10815,"Swan Lake _07ic","Swan Lake"
-73.65096,40.83732,"Scudders Pond _07ij","Scudders Pond"
-72.84149,40.89871,"Woodchoppers Pond _07gx","Woodchoppers Pond"
-73.90264,41.23343,"Furnace Brook Lake _07it","Furnace Brook Lake"
-72.53231,41.00316,"Wolf Pit Lake _07gw","Wolf Pit Lake"
-73.74013,40.96177,"Gedney Pond _07k4","Gedney Pond"
-73.66596,40.98038,"Kirby Pond _07k8","Kirby Pond"
-73.73874,40.96815,"Mamaroneck Reservoir _07kb","Mamaroneck Reservoir"
-73.66957,40.97065,"Playland Lake _07ko","Playland Lake"
-73.71652,40.94815,"Van Amringe Millpond _07ky","Van Amringe Millpond"
-73.63679,40.88954,"West Pond _07l3","West Pond"
-73.91347,41.32704,"Cortlandt Lake _07lc","Cortlandt Lake"
-73.69846,40.83677,"Mill Pond _07in","Mill Pond"
-73.70458,40.7876,"Whitney Lake _07gh","Whitney Lake"
-73.89319,41.68398,"Sunset Lake _07az","Sunset Lake"
-73.14817,40.7501,"Main Pond _07fa","Main Pond"
-72.77371,40.79982,"Mill Pond _07fd","Mill Pond"
-73.74652,41.0476,"Silver Lake _07fl","Silver Lake"
-72.95927,40.87454,"Spring Lake _07fp","Spring Lake"
-73.0265,40.76288,"West Lake _07fz","West Lake"
-72.83371,40.80649,"West Millpond _07g3","West Millpond"
-73.84486,41.02399,"Woodlands Lake _07gz","Woodlands Lake"
-73.76097,41.05287,"White Plains Reservoir Two _07gd","White Plains Reservoir Number Two"
-72.77205,40.86149,"Hot Water Pond _07f2","Hot Water Pond"
-72.36786,40.88066,"Wickapogue Pond _07gk","Wickapogue Pond"
-73.83291,40.72371,"Willow Lake _07gm","Willow Lake"
-73.69124,40.63844,"Willow Pond _07gn","Willow Pond"
-73.22706,40.85149,"Willow Pond _07go","Willow Pond"
-73.67763,41.14537,"Windmill Lake _07gr","Windmill Lake"
-74.05264,41.51704,"Winona Lake _07gt","Winona Lake"
-73.73541,41.39648,"Wixon Pond _07gu","Wixon Pond"
-73.75847,41.0576,"White Plains Reservoir One _07gc","White Plains Reservoir Number One"
-73.84597,41.18482,"Purdy Pond _0768","Purdy Pond"
-73.21539,40.85621,"Phillips Millpond _0753","Phillips Millpond"
-74.17626,41.1601,"Pine Grove Lake _0758","Pine Grove Lake"
-72.96733,40.88843,"Pine Lake _0759","Pine Lake"
-74.2182,41.31565,"Placid Pond _075c","Placid Pond"
-73.80013,41.12787,"Pleasant Lake _075d","Pleasant Lake"
-73.83847,41.11426,"Pocantico Lake _075i","Pocantico Lake"
-73.93069,41.15148,"Swartwont Lake _07b5","Swartwont Lake"
-73.96847,40.65538,"Prospect Park Lake _0762","Prospect Park Lake"
-73.90403,41.29426,"Penelope Pond _074w","Penelope Pond"
-73.53929,41.46732,"Putnam Lake _076a","Putnam Lake"
-73.7543,41.0701,"Quarry Lakes _076c","Quarry Lakes"
-74.02264,41.07815,"Reed Pond _076s","Reed Pond"
-73.79847,40.95677,"Reservoir Number One _076t","Reservoir Number One"
-74.69044,41.38954,"Reservoir Number One _076u","Reservoir Number One"
-73.80624,40.93565,"Reservoir Number Two _076v","Reservoir Number Two"
-73.80124,40.94427,"Reservoir Number Three _076w","Reservoir Number Three"
-73.75708,40.9151,"Premium Millpond _075w","Premium Millpond"
-73.67374,41.43898,"Palmer Lake _074i","Palmer Lake"
-72.37314,40.87871,"Old Town Pond _073y","Old Town Pond"
-73.58957,40.78177,"Old Westbury Pond _073z","Old Westbury Pond"
-73.84597,41.18482,"Oliver Pond _0740","Oliver Pond"
-73.87819,41.58926,"Lake Oniad _0742","Lake Oniad"
-74.1032,41.54898,"Orange Lake _0743","Orange Lake"
-73.22456,40.72927,"Orowoc Lake _0746","Orowoc Lake"
-74.16598,41.57982,"Lake Osiris _074a","Lake Osiris"
-73.92042,41.25871,"Petersons Pond _074z","Petersons Pond"
-73.79013,40.93565,"Paine Lake _074g","Paine Lake"
-73.81541,41.55482,"Penneywater Pond _074x","Penneywater Pond"
-72.8501,40.92343,"Lake Panamoka _074j","Lake Panamoka"
-73.219,40.73093,"Pardees Ponds _074k","Pardees Ponds"
-73.57957,41.36259,"Peach Lake _074l","Peach Lake"
-73.88236,41.33926,"Lake Peekskill _074m","Lake Peekskill"
-73.81374,40.91149,"Pelham Lake _074r","Pelham Lake"
-73.97236,41.35787,"Pells Pond _074s","Pells Pond"
-73.88736,40.68621,"Ridgewood Reservoir _0773","Ridgewood Reservoir"
-72.2998,40.99204,"Otter Pond _074b","Otter Pond"
-73.78208,41.30593,"Sparkle Lake _079y","Sparkle Lake"
-73.68152,40.75566,"Ridder Pond _0770","Ridder Pond"
-72.36647,41.10677,"Silver Lake _0799","Silver Lake"
-74.38766,41.45982,"Silver Lake _079a","Silver Lake"
-73.13622,40.75315,"Slade Pond _079f","Slade Pond"
-72.29953,40.94871,"Slate Pond _079g","Slate Pond"
-73.65485,40.66038,"Smith Pond _079l","Smith Pond"
-73.57318,40.68121,"Smith Pond _079m","Smith Pond"
-73.77319,40.95204,"Sheldrake Lake _078y","Sheldrake Lake"
-73.32818,40.71093,"Southards Pond _079w","Southards Pond"
-73.78763,41.3762,"Secor Lake _078p","Secor Lake"
-73.13456,40.83593,"Spectacle Pond _07a0","Spectacle Pond"
-74.11876,41.35204,"Spring Lake _07a7","Spring Lake"
-74.04125,41.92787,"Spring Lake _07a8","Spring Lake"
-73.74485,41.03343,"Spring Lake _07a9","Spring Lake"
-72.52481,40.90038,"Squire Pond _07ae","Squire Pond"
-73.80958,41.20315,"Still Lake _07ah","Still Lake"
-73.70846,40.76399,"Lake Success _07au","Lake Success"
-73.65069,40.66899,"South Pond _079u","South Pond"
-74.20793,41.3187,"Round Lake _077p","Round Lake"
-74.14292,40.82566,"Kingsland Lake _06m5","Kingsland Lake"
-74.02764,41.44037,"Rings Pond _0775","Rings Pond"
-72.98233,40.76343,"Robinson Pond _077a","Robinson Pond"
-73.85569,41.19009,"Rockhill Pond _077e","Rockhill Pond"
-73.92208,41.13843,"Rockland Lake _077f","Rockland Lake"
-73.97042,41.36704,"Roe Pond _077h","Roe Pond"
-74.4246,41.80148,"Rondout Reservoir _077i","Rondout Reservoir"
-73.73874,41.32704,"Lake Shenorock _0791","Lake Shenorock"
-73.64846,40.79954,"Roslyn Pond _077n","Roslyn Pond"
-74.44793,41.38704,"Ridgebury Lake _0772","Ridgebury Lake"
-72.84482,40.90288,"Round Pond _077q","Round Pond"
-72.29203,40.98593,"Round Pond _077r","Round Pond"
-73.72402,40.59872,"Sage Pond _077v","Sage Pond"
-74.13653,41.34954,"Saltzmans Lake _0782","Saltzmans Lake"
-73.06067,40.75204,"Sans Souci Lakes _0789","Sans Souci Lakes"
-73.65041,40.6726,"Schodack Pond _078h","Schodack Pond"
-73.51429,40.67482,"Seaman Pond _078j","Seaman Pond"
-73.12178,40.82843,"Lake Ronkonkoma _077k","Lake Ronkonkoma"
-74.18653,41.04621,"Meyers Lakes _062v","Meyers Lakes"
-74.43487,40.34705,"Lake Manalapan _0625","Lake Manalapan"
-74.21764,40.08484,"Lake Manetta _0628","Lake Manetta"
-74.36765,41.00676,"Maple Lake _0629","Maple Lake"
-74.62127,40.88232,"Marine Lake _062c","Marine Lake"
-74.22653,40.41372,"Lake Matawan _062j","Lake Matawan"
-74.36098,41.05065,"Matthews Lake _062m","Matthews Lake"
-74.05403,41.05787,"Laurel Lake _060s","Laurel Lake"
-74.37015,41.1126,"Melody Lake _062r","Melody Lake"
-74.36182,40.99426,"Lake Ma-He-Go _061v","Lake Ma-He-Go"
-74.30209,40.61288,"Middlesex Reservoir _062z","Middlesex Reservoir"
-74.3582,40.294,"Lake Weamaconk _0637","Lake Weamaconk"
-74.09598,41.02232,"Mill Pond _0638","Mill Pond"
-74.2982,40.60621,"Milton Lake _063a","Milton Lake"
-74.23348,41.03037,"Mirror Lake _063d","Mirror Lake"
-74.13487,41.05093,"Mirror Lake _063e","Mirror Lake"
-74.51516,41.02815,"Mitt Pond _063g","Mitt Pond"
-74.28043,41.05565,"Meadow Brook Lake _062p","Meadow Brook Lake"
-74.03986,40.0915,"Little Silver Lake _061d","Little Silver Lake"
-74.36904,41.13843,"Pinecliff Lake _066p","Pinecliff Lake"
-74.70183,41.05343,"Lawrence Lake _060v","Lawrence Lake"
-74.65794,40.88177,"Ledgewood Pond _060w","Ledgewood Pond"
-74.24264,40.41122,"Lake Lefferts _060y","Lake Lefferts"
-74.72655,41.00371,"Lake Lenape _060z","Lake Lenape"
-74.04291,40.08345,"Lake of the Lilies _0614","Lake of the Lilies"
-74.37071,41.07454,"Lindy Lake _0619","Lindy Lake"
-74.26014,39.69651,"Manahawkin Lake _0623","Manahawkin Lake"
-74.25848,40.97399,"Lionhead Lake _061b","Lionhead Lake"
-74.36487,40.46149,"Majors Pond _0620","Majors Pond"
-74.43627,41.20815,"Livingston Ponds _061e","Livingston Ponds"
-74.66294,40.90899,"Lake Louise _061n","Lake Louise"
-74.03986,40.09539,"Lake Louise _061o","Lake Louise"
-74.19792,40.12845,"Lake Louise _061p","Lake Louise"
-74.22765,40.99954,"Lower Blauvelt Lake _061q","Lower Blauvelt Lake"
-74.19542,39.83595,"Lower Lake _061s","Lower Lake"
-74.50349,41.02621,"Moosepac Pond _063m","Moosepac Pond"
-74.92517,40.63371,"Lingerts Pond _061a","Lingerts Pond"
-74.73544,40.96676,"Panther Lake _065s","Panther Lake"
-74.64349,41.03288,"Lake Mohawk _063h","Lake Mohawk"
-74.06681,41.02204,"Old Mill Pond _0656","Old Mill Pond"
-74.18348,40.94565,"Oldham Pond _0657","Oldham Pond"
-74.5271,40.85649,"Openaka Lake _0659","Openaka Lake"
-74.02875,40.95621,"Oradell Reservoir _065a","Oradell Reservoir"
-74.28709,40.75927,"Orange Reservoir _065e","Orange Reservoir"
-74.0618,40.15317,"Osborne Pond _065h","Osborne Pond"
-74.33932,41.01315,"Oakwood Lake _0652","Oakwood Lake"
-74.67627,40.36177,"Palmer Lake _065q","Palmer Lake"
-74.3821,41.08315,"Nosenzo Pond _0651","Nosenzo Pond"
-74.43876,40.84871,"Lake Parsippany _065t","Lake Parsippany"
-74.17403,41.0226,"Parsons Pond _065u","Parsons Pond"
-74.52321,40.26955,"Peddie Lake _0664","Peddie Lake"
-74.08486,41.07676,"Penners Lake _0668","Penners Lake"
-74.06681,40.98371,"Pine Lake _066k","Pine Lake"
-74.00569,41.02149,"Pine Lake _066l","Pine Lake"
-74.60849,41.02899,"Upper Sunset Lake _06mm","Upper Sunset Lake"
-74.25626,40.93371,"Packanack Lake _065m","Packanack Lake"
-74.38237,41.03788,"Mountain Springs Lake _0642","Mountain Springs Lake"
-74.5246,40.8626,"Laurel Lake _060r","Laurel Lake"
-74.31376,41.02204,"Morse Lakes _063s","Morse Lakes"
-74.36793,41.07149,"Mount Glen Lakes _063v","Mount Glen Lakes"
-74.54655,40.92871,"Mount Hope Pond _063w","Mount Hope Pond"
-74.52599,40.73982,"Mount Kemble Lake _063x","Mount Kemble Lake"
-74.39126,41.16315,"Mount Laurel Lake _063y","Mount Laurel Lake"
-74.48516,40.86815,"Mount Tabor Lake _063z","Mount Tabor Lake"
-74.05375,40.14428,"Old Mill Pond _0655","Old Mill Pond"
-74.66266,40.89677,"Mountain Lake _0641","Mountain Lake"
-74.36126,40.90677,"Lake Montowac _063k","Lake Montowac"
-74.69488,40.91038,"Lake Musconetcong _0649","Lake Musconetcong"
-74.15264,40.439,"Natco Lake _064d","Natco Lake"
-74.62627,41.21565,"Lake Neepaulin _064e","Lake Neepaulin"
-74.44626,40.54094,"Lake Nelson _064h","Lake Nelson"
-74.45738,40.57621,"New Market Pond _064i","New Market Pond"
-74.18653,40.90093,"New Street Reservoir _064j","New Street Reservoir"
-74.32293,40.77454,"North Pond _064y","North Pond"
-74.44627,40.88343,"Mountain Lake _0640","Mountain Lake"
-74.6146,40.33122,"Gordon Pond _05wm","Gordon Pond"
-74.21765,40.99204,"Franklin Lake _05vx","Franklin Lake"
-74.58822,41.11176,"Franklin Pond _05vy","Franklin Pond"
-74.09042,40.09206,"Fresh Pond _05w3","Fresh Pond"
-74.29376,40.9951,"Garden Pond _05w5","Garden Pond"
-74.12764,41.05954,"Garrison Pond _05w7","Garrison Pond"
-74.32626,41.02204,"Glen Wild Lake _05wd","Glen Wild Lake"
-74.19098,41.0151,"Lawlin Pond _060u","Lawlin Pond"
-74.36182,41.05204,"Gordon Lakes _05wl","Gordon Lakes"
-74.26709,41.06315,"Fountain Spring Lake _05vq","Fountain Spring Lake"
-74.18181,40.9101,"Stanley M Levine Reservoir _05wn","Stanley M Levine Reservoir"
-74.46182,40.88815,"Great Bay _05wr","Great Bay"
-74.19237,40.8776,"Great Notch Reservoir _05wu","Great Notch Reservoir"
-74.20098,40.94288,"Grebe Pond _05ww","Grebe Pond"
-74.33293,41.16176,"Greenwood Lake _05x6","Greenwood Lake"
-74.41793,40.92093,"Griffith Pond _05x7","Griffith Pond"
-74.63738,41.09899,"Lake Grinnell _05x8","Lake Grinnell"
-74.10458,40.09956,"Godfrey Lake _05wf","Godfrey Lake"
-74.56405,41.06204,"Edison Pond _05uw","Edison Pond"
-73.33845,40.92232,"Blanchard Lake _07lf","Blanchard Lake"
-73.98292,40.97788,"Duck Pond _05ub","Duck Pond"
-74.36904,40.40705,"Duhernal Lake _05uc","Duhernal Lake"
-74.12681,40.88343,"Dundee Lake _05ue","Dundee Lake"
-74.63822,40.90954,"Dunlap Pond _05uf","Dunlap Pond"
-74.55654,40.58594,"East Branch Reservoir _05ul","East Branch Reservoir"
-74.45182,41.17565,"East Highland Lake _05un","East Highland Lake"
-74.51738,40.90649,"Foxs Pond _05vw","Foxs Pond"
-74.20737,40.13206,"Echo Lake _05ur","Echo Lake"
-74.56516,41.04426,"Fox Trail Lake _05vv","Fox Trail Lake"
-74.25765,41.09565,"Lake Erskine _05v8","Lake Erskine"
-74.49543,40.8826,"Lake Estling _05va","Lake Estling"
-74.00736,40.20845,"Fletcher Lake _05vi","Fletcher Lake"
-74.73211,40.9751,"Forest Lake _05vl","Forest Lake"
-74.13625,40.06845,"Forge Pond _05vm","Forge Pond"
-74.39821,40.85593,"Forge Pond _05vn","Forge Pond"
-74.03042,40.76288,"Hackensack Reservoir Two _05xe","Hackensack Reservoir Number Two"
-74.35737,40.97315,"East Lake _05uo","East Lake"
-74.726,40.96093,"Johnson Lake _05zw","Johnson Lake"
-74.69016,40.18678,"Gropp Lake _05x9","Gropp Lake"
-74.48154,40.8901,"Indian Lake _05zb","Indian Lake"
-74.03458,40.8551,"Indian Lake _05zc","Indian Lake"
-74.37015,41.0626,"Indian Trail Lake _05zd","Indian Trail Lake"
-74.29154,41.00843,"Lake Inez _05ze","Lake Inez"
-74.42071,40.89065,"Lake Intervale _05zg","Lake Intervale"
-74.31876,41.03037,"Lake Iosco _05zh","Lake Iosco"
-74.08986,40.17789,"Hurleys Pond _05z4","Hurleys Pond"
-74.73155,40.92649,"Jefferson Lake _05zs","Jefferson Lake"
-74.70183,41.04343,"Howells Pond _05z3","Howells Pond"
-74.4371,40.5051,"Johnsons Pond (historical) _05zx","Johnsons Pond (historical)"
-74.06625,40.20372,"Jumping Brook Reservoir _0601","Jumping Brook Reservoir"
-74.34765,41.02871,"Lake Kampfe _0602","Lake Kampfe"
-74.17653,41.03065,"Kells Pond _0608","Kells Pond"
-74.34654,39.94984,"Keswick Lake _060a","Keswick Lake"
-74.3546,41.08676,"Kitchell Lake _060j","Kitchell Lake"
-74.70183,40.94593,"Lake Lackawanna _060m","Lake Lackawanna"
-74.14486,40.04734,"Lake Riviera _05zj","Lake Riviera"
-74.42071,40.91788,"Hood Pond _05yr","Hood Pond"
-74.26793,40.99232,"Pines Lake _066q","Pines Lake"
-74.19626,40.97843,"Haledon Reservoir _05xg","Haledon Reservoir"
-74.42793,40.37844,"Helmetta Pond _05y0","Helmetta Pond"
-74.73183,40.9801,"Hemlock Lake _05y1","Hemlock Lake"
-74.36293,41.01926,"Henion Pond _05y5","Henion Pond"
-74.36987,40.87788,"Lake Hiawatha _05y9","Lake Hiawatha"
-74.37126,41.01593,"High Crest Lake _05yd","High Crest Lake"
-73.97042,41.02315,"Lake Idlewild _05z5","Lake Idlewild"
-74.50154,40.88843,"Holstein Lake _05yq","Holstein Lake"
-74.01986,40.77232,"Hackensack Reservoir One _05xd","Hackensack Reservoir Number One"
-74.2682,40.43927,"Hooks Creek Lake _05ys","Hooks Creek Lake"
-74.40404,41.00093,"Hoot Owl Lake _05yt","Hoot Owl Lake"
-74.63099,40.97399,"Lake Hopatcong _05yw","Lake Hopatcong"
-74.16764,41.03704,"Hopkins Lake _05yx","Hopkins Lake"
-74.24015,41.00176,"Hoppers Lake _05yy","Hoppers Lake"
-74.31876,40.00928,"Horicon Lake _05yz","Horicon Lake"
-74.63516,40.85927,"Horseshoe Lake _05z2","Horseshoe Lake"
-74.19014,40.90371,"Highland Lake _05yi","Highland Lake"
-74.69627,40.95871,"Wolf Lake _06fw","Wolf Lake"
-74.51266,40.92315,"White Meadow Lake _06fc","White Meadow Lake"
-74.51655,41.03426,"White Rock Lake _06fd","White Rock Lake"
-74.13098,41.01482,"Whites Lake _06fe","Whites Lake"
-74.40376,40.47872,"Whitney Pond _06ff","Whitney Pond"
-74.09431,40.97454,"Wild Duck Pond _06fh","Wild Duck Pond"
-74.43265,40.89371,"Wildwood Lake _06fj","Wildwood Lake"
-74.25431,40.95038,"Valley Lake _06dj","Valley Lake"
-74.1482,41.09371,"Winters Pond _06fu","Winters Pond"
-74.36321,41.13065,"West Milford Lake _06f1","West Milford Lake"
-74.0482,41.0126,"Woodcliff Lake _06fy","Woodcliff Lake"
-74.02791,40.13845,"Wreck Pond _06g5","Wreck Pond"
-74.13375,41.0476,"Wyckoff Lake _06g7","Wyckoff Lake"
-74.04014,40.91121,"Zabriskies Pond _06ga","Zabriskies Pond"
-74.36487,41.04426,"Zeliff Pond _06gb","Zeliff Pond"
-74.12042,41.00621,"Coles Pond _06ge","Coles Pond"
-74.34265,40.6751,"Echo Lake _06gf","Echo Lake"
-74.6121,40.99065,"Lake Winona _06ft","Lake Winona"
-74.57849,40.90371,"Washington Pond _06ea","Washington Pond"
-74.2532,40.00845,"Pine Lake _066m","Pine Lake"
-74.16459,41.04649,"Van Gelders Pond _06dm","Van Gelders Pond"
-74.37404,41.03621,"Van Nostrand Lake _06dn","Van Nostrand Lake"
-74.15209,41.0276,"Vanderbush Lake _06dp","Vanderbush Lake"
-74.26237,40.80343,"Lake Vincent _06dr","Lake Vincent"
-74.21765,41.00593,"Vitale Pond _06ds","Vitale Pond"
-74.38849,41.07649,"Vreeland Pond _06dt","Vreeland Pond"
-74.41265,40.48316,"Westons Mill Pond _06f6","Westons Mill Pond"
-74.45377,41.18121,"Lake Wanda _06e1","Lake Wanda"
-74.06847,41.01454,"Western Reservoir _06f5","Western Reservoir"
-74.56293,40.59094,"Washington Valley Reservoir _06ec","Washington Valley Reservoir"
-74.29932,41.02954,"Lake Washington _06ed","Lake Washington"
-74.45376,40.63677,"Watchung Lake _06ee","Watchung Lake"
-74.20237,40.70205,"Weequahic Lake _06ep","Weequahic Lake"
-74.0018,40.21706,"Lake Wesley _06et","Lake Wesley"
-74.36293,40.97454,"West Lake _06f0","West Lake"
-74.20626,41.01038,"Kings Pond _06gm","Kings Pond"
-74.29459,41.04537,"Wanaque Reservoir _06dz","Wanaque Reservoir"
-74.17181,40.99593,"Ziegler Pond _06jq","Ziegler Pond"
-74.18598,41.04176,"Hands Lake _06gh","Hands Lake"
-74.2357,40.94871,"Country Club Ponds _06j6","Country Club Ponds"
-74.38432,41.0501,"Genaders Pond _06j9","Genaders Pond"
-74.22403,40.95704,"Hinchman Pond _06jb","Hinchman Pond"
-74.13709,40.84927,"Hughes Lake _06jc","Hughes Lake"
-74.18403,40.94982,"Lotz Pond _06je","Lotz Pond"
-74.2332,40.92593,"Swins Ponds _06jk","Swins Ponds"
-74.18376,40.93954,"Bridge Pond _06j2","Bridge Pond"
-74.13375,40.82954,"Yantacaw Pond _06jo","Yantacaw Pond"
-74.62599,40.8626,"Black River Pond _06j1","Black River Pond"
-74.42793,40.37789,"Lake Marguerite _06l6","Lake Marguerite"
-74.07958,40.19511,"Glendola Reservoir _06ld","Glendola Reservoir"
-74.48488,41.22787,"Vernon Valley Lake _06li","Vernon Valley Lake"
-74.54627,41.18426,"Pleasant Valley Lake _06lj","Pleasant Valley Lake"
-74.40321,40.93677,"Piscatells Pond _06lr","Piscatells Pond"
-74.35793,40.78343,"Commonwealth Water Reservoir 3 _06lu","Commonwealth Water Company Reservoir Number Three"
-74.24848,40.82371,"Verona Lake _06m3","Verona Lake"
-74.15876,40.96343,"Van Winkles Pond _06jl","Van Winkles Pond"
-74.72683,40.24789,"Whitehead Pond _06h8","Whitehead Pond"
-74.46738,41.17871,"Upper Highland Lake _06df","Upper Highland Lake"
-74.10014,41.04676,"Moores Pond _06go","Moores Pond"
-74.66238,40.89677,"Mountain Pond _06gp","Mountain Pond"
-74.27765,41.0726,"Scarletelli Pond _06gr","Scarletelli Pond"
-74.00153,41.01815,"Lake Tappan _06gu","Lake Tappan"
-74.65961,41.03315,"Upper Lake Mohawk _06gv","Upper Lake Mohawk"
-74.20042,41.02315,"Valentine Pond _06gw","Valentine Pond"
-74.18903,40.89399,"Butchers Pond _06j3","Butchers Pond"
-74.35626,39.93012,"Harry Wrights Lake _06h7","Harry Wrights Lake"
-74.17598,41.01065,"Hartung Lake _06gi","Hartung Lake"
-74.02208,40.29678,"Franklin Lake _06hh","Franklin Lake"
-74.06792,40.38566,"Haskell Pond _06hl","Haskell Pond"
-74.0657,40.36789,"Marion Lake _06hx","Marion Lake"
-74.06847,40.33872,"Mohawk Pond _06i0","Mohawk Pond"
-74.08625,40.35705,"Poricy Pond _06ig","Poricy Pond"
-74.0707,40.33178,"Simmons Pond _06il","Simmons Pond"
-73.99208,40.27678,"Lake Takanassee _06io","Lake Takanassee"
-74.3621,40.97454,"Fayson Lakes _06h6","Fayson Lakes"
-74.0382,41.03704,"Silver Lake _069s","Silver Lake"
-74.64683,41.00093,"Seneca Lake _069c","Seneca Lake"
-74.19042,41.03093,"Shadow Lake _069f","Shadow Lake"
-74.36599,41.04815,"Shady Lake _069g","Shady Lake"
-74.59655,40.96954,"Lake Shawnee _069k","Lake Shawnee"
-74.27098,40.96843,"Sheffield Pond _069m","Sheffield Pond"
-74.53432,40.8476,"Shongum Lake _069o","Shongum Lake"
-74.32154,40.99371,"Valley Spring Lake _06dk","Valley Spring Lake"
-74.39682,40.49399,"Silver Lake _069r","Silver Lake"
-74.10819,40.10289,"Sawmill Pond _068z","Sawmill Pond"
-74.27376,41.06982,"Skyline Lakes _069x","Skyline Lakes"
-74.24904,41.01343,"Smith Pond _06a3","Smith Pond"
-74.88767,40.6726,"Lake Solitude _06a5","Lake Solitude"
-74.32543,40.77371,"South Pond _06ab","South Pond"
-74.56016,41.04593,"Sparta Lake _06af","Sparta Lake"
-74.48099,40.81316,"Speedwell Lake _06ag","Speedwell Lake"
-74.0268,40.14595,"Spring Lake _06al","Spring Lake"
-74.01986,40.18067,"Silver Lake _069q","Silver Lake"
-74.4646,40.9101,"Rock Ridge Lake _0683","Rock Ridge Lake"
-74.47904,40.80399,"Lake Pocahontas _066s","Lake Pocahontas"
-74.2557,40.97232,"Point View Reservoir _066v","Point View Reservoir"
-74.27848,40.9926,"Pompton Lake _066y","Pompton Lake"
-74.47738,40.86593,"Powder Mill Pond _0676","Powder Mill Pond"
-74.20237,41.0276,"Pulis Pond _067e","Pulis Pond"
-74.45932,40.87982,"Rainbow Lakes _067i","Rainbow Lakes"
-74.3721,40.97176,"Lake Reality _067o","Lake Reality"
-74.40348,40.6676,"Seeleys Pond _069a","Seeleys Pond"
-74.05542,40.74066,"Reservoir Number Three _067r","Reservoir Number Three"
-74.05903,40.98454,"Schlegel Lake _0691","Schlegel Lake"
-74.65433,40.89815,"Lake Rogerene _0688","Lake Rogerene"
-74.84461,40.61121,"Round Valley Reservoir _068e","Round Valley Reservoir"
-74.2582,40.9076,"Roveres Lake _068f","Roveres Lake"
-74.54933,41.05204,"Ryker Lake _068i","Ryker Lake"
-74.62405,41.02232,"Lake Saginaw _068m","Lake Saginaw"
-74.13903,41.0276,"San Jacinto Lake _068p","San Jacinto Lake"
-74.47988,40.78399,"Spring Lake _06ao","Spring Lake"
-74.05903,40.74149,"Reservoir Number Two _067q","Reservoir Number Two"
-74.2157,40.44844,"Treasure Lake _06cu","Treasure Lake"
-74.73266,40.19344,"Spring Lake _06am","Spring Lake"
-74.01486,40.19567,"Sylvan Lake _06bx","Sylvan Lake"
-74.77322,40.27094,"Sylvia Lake _06bz","Sylvia Lake"
-74.33543,40.75149,"Taylor Lake _06c4","Taylor Lake"
-74.50099,40.95871,"Lake Telemark _06c8","Lake Telemark"
-74.35932,41.01065,"Terrace Lake _06cd","Terrace Lake"
-74.44071,40.9151,"The Tarn _06cf","The Tarn"
-74.51682,41.01038,"Lake Swannanoa _06bu","Lake Swannanoa"
-74.28542,40.27594,"Lake Topanemus _06cr","Lake Topanemus"
-74.37904,40.68538,"Lake Surprise _06br","Lake Surprise"
-74.62627,40.86593,"Triple Lakes _06cw","Triple Lakes"
-74.04403,40.07262,"Twilight Lake _06d6","Twilight Lake"
-74.3107,41.0201,"Twilliger Lake _06d7","Twilliger Lake"
-74.29765,41.00843,"Twin Lakes _06d8","Twin Lakes"
-74.22904,41.00149,"Upper Blauvelt Lake _06dc","Upper Blauvelt Lake"
-74.2482,41.09704,"Upper Erskine Lake _06dd","Upper Erskine Lake"
-74.37126,41.18593,"Upper Greenwood Lake _06de","Upper Greenwood Lake"
-74.25904,40.95788,"Toms Lake _06co","Toms Lake"
-74.74794,40.18761,"Sturgeon Pond _06bc","Sturgeon Pond"
-74.4421,40.93399,"Dixons Pond _05u1","Dixons Pond"
-74.17126,41.01621,"Spring Lake _06ap","Spring Lake"
-74.29265,40.99565,"Spring Pond _06aq","Spring Pond"
-74.9235,40.64371,"Spruce Run Reservoir _06as","Spruce Run Reservoir"
-74.34987,41.02288,"Star Lake _06ax","Star Lake"
-74.26765,41.05537,"Stephens Lake _06b1","Stephens Lake"
-74.52849,41.07093,"Lake Stockholm _06b2","Lake Stockholm"
-74.85239,41.0626,"Swartswood Lake _06bv","Swartswood Lake"
-74.06847,41.02426,"Storm Pond _06b9","Storm Pond"
-74.41348,40.5826,"Spring Lake _06an","Spring Lake"
-74.61155,41.03093,"Sunset Lake _06bk","Sunset Lake"
-74.38599,41.05482,"Sunset Lake _06bl","Sunset Lake"
-74.00236,40.22428,"Sunset Lake _06bm","Sunset Lake"
-74.45349,40.88732,"Sunset Lake _06bn","Sunset Lake"
-74.15237,41.0876,"Sunset Lake _06bo","Sunset Lake"
-74.62794,40.64094,"Sunset Lake _06bp","Sunset Lake"
-74.32737,40.99204,"Suntan Lake _06bq","Suntan Lake"
-74.03847,40.12012,"Stockton Lake _06b3","Stockton Lake"
