-73.41206,41.10704,"Oyster Shell Point _05b8","Oyster Shell Point"
-73.22123,41.51676,"Rag Land _05d6","Rag Land"
-72.83843,41.52288,"Quinnipiac Gorge _05cy","Quinnipiac Gorge"
-73.54151,41.2901,"Pumping Station Swamp _05ct","Pumping Station Swamp"
-73.01955,41.20454,"Pond Point _05ci","Pond Point"
-73.13011,41.14704,"Point No Point _05ce","Point No Point"
-73.4579,41.52148,"Point Hedden _05cd","Point Hedden"
-73.01927,41.20593,"Point Beach _05cc","Point Beach"
-72.65065,41.33176,"Podunk Great Plain _05ca","Podunk Great Plain"
-73.2515,41.36121,"Pine Swamp _05c4","Pine Swamp"
-73.26234,41.11787,"Pine Creek Point _05bz","Pine Creek Point"
-73.11539,41.21204,"Peacock Island _05bk","Peacock Island"
-73.4054,41.08287,"Peach Island _05bj","Peach Island"
-72.85482,41.25343,"Paynes Point _05bi","Paynes Point"
-73.43151,41.06593,"Wilson Cove _05k2","Wilson Cove"
-73.47123,41.04732,"Hay Island _05a9","Hay Island"
-73.38333,40.66056,"Gateway Lagoon _058j","Gateway Lagoon"
-73.4075,40.65528,"Amityville Beach _058k","Amityville Beach"
-73.39694,40.65611,"Copiague Beach _058l","Copiague Beach"
-73.38778,40.90528,"Knollwood Beach _058m","Knollwood Beach"
-74.1708,39.6598,"Long Beach Island _0596","Long Beach Island"
-73.20678,41.41315,"Paugussett State Forest _05bg","Paugussett State Forest"
-72.72621,41.25954,"Harrison Point _05a2","Harrison Point"
-72.84204,41.25871,"Pages Cove _05bb","Pages Cove"
-73.37067,41.10843,"Hendricks Point _05ah","Hendricks Point"
-73.35734,41.15343,"Hickory Ridge _05al","Hickory Ridge"
-73.05455,41.45649,"High Rock Grove _05ao","High Rock Grove"
-72.73287,41.25704,"Hoadley Point _05av","Hoadley Point"
-72.98427,41.23593,"Oyster River Beach _05b7","Oyster River Beach"
-73.49373,41.18787,"Ruscoe Ridge _05dx","Ruscoe Ridge"
-73.37222,40.91111,"Honeymans Point _059m","Honeymans Point"
-73.25345,41.12899,"Wakeman Island _05il","Wakeman Island"
-73.64402,41.00315,"Rich Island _05dc","Rich Island"
-73.44429,41.59815,"The Lime Kiln _05h9","The Lime Kiln"
-72.73232,41.29037,"Towner Swamp _05hm","Towner Swamp"
-73.44373,41.21204,"Turner Ridge _05i4","Turner Ridge"
-73.06677,41.29732,"Twomile Island _05ia","Twomile Island"
-73.06039,41.54565,"Tamarack Swamp _05gz","Tamarack Swamp"
-72.69232,41.24704,"Vineyard Point _05ij","Vineyard Point"
-73.4079,41.21176,"Sturges Ridge _05gm","Sturges Ridge"
-73.54401,41.03843,"West Branch _05j7","West Branch"
-72.9651,41.38093,"West Rock Ridge _05jm","West Rock Ridge"
-72.96983,41.34537,"West Rock Tunnel _05jn","West Rock Tunnel"
-72.88538,41.24426,"West Silver Sands Beach _05jp","West Silver Sands Beach"
-73.51846,41.03537,"Westcott Cove _05jq","Westcott Cove"
-73.96153,40.72566,"Bushwick Inlet _01kw","Bushwick Inlet"
-73.41901,41.07621,"Village Creek _05ii","Village Creek"
-73.61985,41.01232,"Smith Cove _05fd","Smith Cove"
-73.40151,41.08704,"Gregory Point _057a","Gregory Point"
-72.84649,41.30121,"Saltonstall Ridge _05dy","Saltonstall Ridge"
-73.08372,41.91732,"Sandy Cove _05e2","Sandy Cove"
-73.28206,41.12732,"Sasco Hill Beach _05e8","Sasco Hill Beach"
-73.46401,41.05676,"Scott Cove _05ef","Scott Cove"
-72.99622,41.66538,"Terryville Tunnel _05h6","Terryville Tunnel"
-72.8776,41.24454,"Silver Sands Beach _05f0","Silver Sands Beach"
-73.62429,41.00926,"Round Island _05du","Round Island"
-73.49623,41.17593,"Smith Ridge _05fh","Smith Ridge"
-73.50151,41.18787,"Smith Ridge _05fi","Smith Ridge"
-73.27734,41.13426,"Southport Harbor _05fp","Southport Harbor"
-73.46068,41.50343,"Spear Point _05fq","Spear Point"
-72.8451,41.25676,"Stanley Point _05g5","Stanley Point"
-73.18345,41.17593,"Steel Point _05g7","Steel Point"
-72.89705,41.24565,"Shell Beach _05ep","Shell Beach"
-73.49623,41.14232,"Rockwell Swamp _054p","Rockwell Swamp"
-73.20261,41.15815,"Seaside Beach _0553","Seaside Beach"
-73.39956,41.44009,"Old Grays Bridge _0541","Old Grays Bridge"
-73.48373,41.04565,"Pear Tree Point _0549","Pear Tree Point"
-73.48373,41.04537,"Pear Tree Point Beach _054a","Pear Tree Point Beach"
-73.4829,41.04732,"Pear Tree Point Cove _054b","Pear Tree Point Cove"
-73.47595,41.0476,"Ned Island _053r","Ned Island"
-73.54596,41.05065,"Rippowan Falls _054m","Rippowan Falls"
-73.22595,41.14482,"Money Beach _053k","Money Beach"
-73.53818,41.03399,"Rocky Neck _054q","Rocky Neck"
-73.62318,41.01232,"Rocky Neck _054r","Rocky Neck"
-73.62207,41.01093,"Rocky Neck Point _054s","Rocky Neck Point"
-73.12872,41.25593,"Roosevelt Forest _054v","Roosevelt Forest"
-73.44568,41.06287,"Rowayton Community Beach _054x","Rowayton Community Beach"
-73.55972,40.63139,"High Flats Marsh _058h","High Flats Marsh"
-73.47929,41.05482,"Rings End Bridge _054l","Rings End Bridge"
-73.65652,40.98843,"Hawthorne Beach _0523","Hawthorne Beach"
-75.04712,41.10926,"Winona Falls _0002","Winona Falls"
-73.27623,40.91843,"Callahans Beach _01l4","Callahans Beach"
-73.8868,40.62872,"Canarsie Beach _01l9","Canarsie Beach"
-73.48484,41.04537,"The Gut _051x","The Gut"
-73.36067,41.10704,"Hall Island _051y","Hall Island"
-73.45096,41.45509,"Never Sink Point _053s","Never Sink Point"
-73.40845,41.08121,"Harbor View Beach _0520","Harbor View Beach"
-73.45845,41.07982,"Selleck Woods _0555","Selleck Woods"
-73.61846,41.01038,"Indian Harbor Point _0529","Indian Harbor Point"
-73.4104,41.10982,"Jennings Point _052g","Jennings Point"
-73.41401,41.10399,"Liberty Point _052t","Liberty Point"
-73.54596,41.05065,"Main Street Bridge _0531","Main Street Bridge"
-73.4004,41.09065,"Marvin Beach _0536","Marvin Beach"
-73.17956,41.1751,"Mather Point _0538","Mather Point"
-73.52096,41.04093,"Halloween Basin _051z","Halloween Basin"
-73.43861,40.65389,"Canal 8 _0574","Canal 8"
-73.3629,41.14093,"Saugatuck River Bridge _054z","Saugatuck River Bridge"
-73.57457,41.0176,"Greenwich Cove _056v","Greenwich Cove"
-73.62457,41.01676,"Greenwich Harbor _056y","Greenwich Harbor"
-73.57707,41.01232,"Greenwich Island _056z","Greenwich Island"
-73.57096,41.00204,"Greenwich Point _0570","Greenwich Point"
-73.64139,40.85,"Carpenters Neck _056k","Carpenters Neck"
-73.435,40.65306,"Canal 7 _0572","Canal 7"
-73.59722,40.90528,"Creek Club Beach _056j","Creek Club Beach"
-73.44222,40.655,"Canal 9 _0575","Canal 9"
-73.44528,40.65472,"Canal 10 _0576","Canal 10"
-73.46694,40.66083,"Grand Canal _0577","Grand Canal"
-73.45833,40.65056,"Grand Lagoon _0578","Grand Lagoon"
-73.48389,40.65833,"Jefferson Canal _0579","Jefferson Canal"
-72.72176,41.30649,"Wolf Swamp _05ka","Wolf Swamp"
-73.43139,40.65222,"Canal 6 _0571","Canal 6"
-73.35623,41.42121,"Stanley Simon Bridge _055l","Stanley Simon Bridge"
-73.40318,41.46759,"Sherman Bridge _0556","Sherman Bridge"
-73.33095,41.11482,"Sherwood Island _0557","Sherwood Island"
-73.37956,41.1001,"Smith Beach Harbor _055b","Smith Beach Harbor"
-73.56929,41.02176,"Sound Beach (historical) _055c","Sound Beach (historical)"
-73.49679,41.04815,"Sound View Point _055d","Sound View Point"
-73.64806,40.86139,"Mosquito Neck _056l","Mosquito Neck"
-73.47429,41.24454,"Spectacle Swamp _055i","Spectacle Swamp"
-73.33984,41.12149,"Grove Point _057c","Grove Point"
-73.54373,41.05482,"Theal Bridge _055w","Theal Bridge"
-73.41707,41.35621,"Umpog Swamp _0563","Umpog Swamp"
-73.56735,41.01288,"Uncas Point Beach _0564","Uncas Point Beach"
-73.97139,41.09722,"Maiwalds Grove _056g","Maiwalds Grove"
-73.48485,41.28982,"Great Swamp _056h","Great Swamp"
-73.64528,40.88611,"Pratts Beach _056i","Pratts Beach"
-73.29484,41.12649,"Southport Beach _055g","Southport Beach"
-74.1057,40.71066,"Droyers Point _05u9","Droyers Point"
-73.95292,40.85149,"George Washington Bridge _05w9","George Washington Bridge"
-74.32598,39.57651,"Gaunt Point _05w8","Gaunt Point"
-74.21042,40.57455,"Fresh Kills Reach _05w2","Fresh Kills Reach"
-74.23265,40.99343,"Franklin Swamp _05w0","Franklin Swamp"
-74.33793,41.16926,"Fox Island _05vu","Fox Island"
-74.65933,40.90871,"Floating Island _05vj","Floating Island"
-73.94542,40.87843,"Englewood Boat Basin _05v7","Englewood Boat Basin"
-74.05958,40.099,"Ellis Point _05v3","Ellis Point"
-74.03931,40.69927,"Ellis Island _05v2","Ellis Island"
-74.63961,40.94427,"Elba Point _05uz","Elba Point"
-74.07375,40.83177,"Eight Day Swamp _05ux","Eight Day Swamp"
-74.31542,39.59484,"Edge Cove _05ut","Edge Cove"
-74.31265,40.9526,"East Ditch _05um","East Ditch"
-73.0965,41.36204,"Wildcat Gorge _05jy","Wildcat Gorge"
-74.64599,40.96288,"Cow Tongue Point _05sn","Cow Tongue Point"
-74.63488,40.93704,"Chestnut Point _05rm","Chestnut Point"
-74.2207,40.4515,"Cliffwood Beach _05rs","Cliffwood Beach"
-74.11597,39.94512,"Coates Point _05rw","Coates Point"
-74.09903,40.65788,"Constable Hook _05s9","Constable Hook"
-74.35987,40.79982,"Cooks Bridge _05sb","Cooks Bridge"
-74.0968,40.05123,"Eagle Point _05uh","Eagle Point"
-74.63572,40.96871,"County Island _05sm","County Island"
-74.10042,40.01512,"Drum Point _05ua","Drum Point"
-74.04653,40.10762,"Crattown Creek _05st","Crattown Creek"
-74.64127,40.94677,"Davis Cove _05tf","Davis Cove"
-74.01014,40.77343,"Days Point _05tg","Days Point"
-74.6296,40.41538,"Delaware and Raritan Canal _05tt","Delaware and Raritan Canal"
-74.53154,40.59677,"Dock Watch Hollow _05u2","Dock Watch Hollow"
-74.30959,40.89788,"Great Piece Meadows _05wv","Great Piece Meadows"
-74.03736,40.09984,"Cooks Creek _05sc","Cooks Creek"
-74.42571,40.52733,"Kilmer Bowl _060d","Kilmer Bowl"
-74.62683,40.94232,"Great Cove _05ws","Great Cove"
-74.64461,40.96482,"Indian Island _05za","Indian Island"
-74.65905,40.92621,"Ingram Cove _05zf","Ingram Cove"
-74.31542,39.58706,"Jeremy Point _05zu","Jeremy Point"
-74.10125,40.79149,"Jersey City Aqueduct _05zv","Jersey City Aqueduct"
-74.33959,40.88232,"Horse Neck Bridge _05z1","Horse Neck Bridge"
-74.29876,40.51177,"Keasby Reach _0606","Keasby Reach"
-74.02208,40.72955,"Holland Tunnel _05yo","Holland Tunnel"
-74.64766,40.9201,"King Cove _060e","King Cove"
-74.10903,40.05595,"Laurelton Yacht Basin _060t","Laurelton Yacht Basin"
-74.44543,40.8401,"Lee Meadows _060x","Lee Meadows"
-74.18514,39.78456,"Liberty Harbor _0610","Liberty Harbor"
-74.04514,40.6901,"Liberty Island _0611","Liberty Island"
-74.6146,40.97315,"Liffy Island _0613","Liffy Island"
-74.11125,40.72594,"Kearny Point _0605","Kearny Point"
-74.0818,40.02373,"Havens Cove _05xr","Havens Cove"
-74.11597,39.9904,"Cattus Island _05r5","Cattus Island"
-74.11069,40.00512,"Green Island _05x3","Green Island"
-74.05653,40.04956,"Gunners Ditch _05xc","Gunners Ditch"
-74.63211,40.95565,"Halsey Island _05xh","Halsey Island"
-74.51405,41.15232,"Hamburg Mountains _05xi","Hamburg Mountains"
-74.63961,40.96121,"Indian Harbor _05z9","Indian Harbor"
-74.32793,40.84093,"Hatfield Swamp _05xq","Hatfield Swamp"
-74.17376,40.66066,"Great Ditch _05wt","Great Ditch"
-74.07569,40.02178,"Havens Point _05xs","Havens Point"
-73.9593,40.85371,"Hazard Beach _05xw","Hazard Beach"
-74.63766,40.96676,"Henderson Bay _05y2","Henderson Bay"
-74.63294,40.97093,"Henderson Cove _05y3","Henderson Cove"
-74.05291,40.05012,"Herring Island _05y8","Herring Island"
-74.94933,40.37066,"Holcombe Island _05yn","Holcombe Island"
-74.0307,40.72705,"Harsimus Cove _05xp","Harsimus Cove"
-73.33012,41.11037,"Sherwood Point _05lp","Sherwood Point"
-74.10236,39.94595,"J Stanley Tunney Bridge _05mn","J Stanley Tunney Bridge"
-73.10678,41.21704,"Culvar Bar _05l9","Culvar Bar"
-73.20595,41.16287,"Cedar Creek Reach _05la","Cedar Creek Reach"
-73.08205,41.2851,"Hidelum Rock Bar _05lb","Hidelum Rock Bar"
-73.37151,41.11371,"Stony Point _05ld","Stony Point"
-73.39817,41.08815,"Charles Creek _05l7","Charles Creek"
-72.70648,41.24926,"Sachem Head Harbor _05ln","Sachem Head Harbor"
-73.41262,41.10593,"Oyster Shell Point _05l6","Oyster Shell Point"
-73.42845,41.06371,"Wilson Point _05lt","Wilson Point"
-74.12847,39.98623,"Crossway Creek _05me","Crossway Creek"
-74.08764,39.95678,"Stooling Point _05mh","Stooling Point"
-74.08291,39.95345,"Inward Thoroughfare _05mi","Inward Thoroughfare"
-74.08097,39.99512,"Broad Thoroughfare _05mj","Broad Thoroughfare"
-74.35209,39.93123,"Cedar Swamp _05rd","Cedar Swamp"
-73.36512,41.10704,"Grays Creek _05lj","Grays Creek"
-73.41067,41.11204,"Ferry Point _05ky","Ferry Point"
-73.5954,41.01676,"Lowther Point _05km","Lowther Point"
-73.4704,41.04982,"Zieglers Cove _05kp","Zieglers Cove"
-73.08205,41.26815,"Moulthrops Bar _05kr","Moulthrops Bar"
-73.07677,41.30204,"Twomile Island Bar _05ks","Twomile Island Bar"
-72.92149,41.27176,"Shag Bank _05kt","Shag Bank"
-73.40762,41.09093,"Norfolk River Reach _05l8","Norfolk River Reach"
-73.4829,41.04593,"Peartree Point _05kx","Peartree Point"
-74.04541,40.10789,"Sedge Island _05mp","Sedge Island"
-73.40929,41.1126,"Ferry Point Reach _05kz","Ferry Point Reach"
-73.40956,41.10954,"Jennings Point _05l0","Jennings Point"
-73.47206,41.04954,"Zieglers Cove _05l1","Zieglers Cove"
-73.41345,41.10454,"Oyster Shell Reach _05l3","Oyster Shell Reach"
-73.41317,41.09621,"Seaview Park Reach _05l4","Seaview Park Reach"
-73.37623,41.11093,"Judy Point _05l5","Judy Point"
-72.82843,41.25704,"Big Mermaid _05kw","Big Mermaid"
-74.37542,39.54345,"Bogans Cove _05po","Bogans Cove"
-74.07153,39.98595,"Gap Cove _05mk","Gap Cove"
-74.65266,40.92704,"Bedbug Island _05p2","Bedbug Island"
-74.08209,40.80427,"Berrys Creek Canal _05pc","Berrys Creek Canal"
-74.64988,40.92732,"Bertrand Island _05pd","Bertrand Island"
-74.63877,40.95232,"Bishops Rock _05ph","Bishops Rock"
-74.06208,40.07623,"Point Pleasant Canal _05or","Point Pleasant Canal"
-74.31904,40.94038,"Bog and Vly Meadows _05pn","Bog and Vly Meadows"
-74.05014,40.06484,"Bay Head Harbor _05oq","Bay Head Harbor"
-74.28348,40.37872,"Burnt Fly Bog _05qd","Burnt Fly Bog"
-74.64488,40.9576,"Byram Bay _05qi","Byram Bay"
-74.65711,40.9601,"Byram Cove _05qj","Byram Cove"
-74.02347,40.74788,"Castle Point _05r3","Castle Point"
-74.23765,41.10176,"Catnest Swamp _05r4","Catnest Swamp"
-73.23873,40.72121,"Bull Ditch _01kt","Bull Ditch"
-74.40626,40.80288,"Black Meadows _05pj","Black Meadows"
-74.06347,40.24261,"Kepwel Spring _05n9","Kepwel Spring"
-74.10236,40.04901,"Kingfisher Cove _05mt","Kingfisher Cove"
-74.06208,40.03789,"Jones Tide Pond _05mu","Jones Tide Pond"
-74.05875,40.03956,"Winter Yacht Basin _05mv","Winter Yacht Basin"
-74.05736,40.05123,"Swan Point State Natural Area _05mw","Swan Point State Natural Area"
-74.09958,40.01345,"Long Point Island _05mx","Long Point Island"
-74.05959,41.0426,"Bear Swamp _05ow","Bear Swamp"
-74.05986,40.02151,"Swamp Cove _05mz","Swamp Cove"
-74.07042,40.6851,"Caven Point _05r6","Caven Point"
-74.07291,39.99623,"Middle Thoroughfare _05nf","Middle Thoroughfare"
-74.06264,39.99123,"Chadwick Beach _05ng","Chadwick Beach"
-73.91819,40.94704,"Alpine Boat Basin _05nu","Alpine Boat Basin"
-74.11181,40.00178,"Andrew Point _05o1","Andrew Point"
-74.11903,39.98095,"Applegate Cove _05o3","Applegate Cove"
-74.14486,39.80484,"Barnegat Bay _05ok","Barnegat Bay"
-74.06236,40.01095,"Long Island Cove _05my","Long Island Cove"
-73.34512,41.11093,"Compo Point _00db","Compo Point"
-74.65667,40.34861,"Mather Sundial _00ib","Mather Sundial"
-74.2607,41.04787,"Ramapo Mountain State Forest _00fk","Ramapo Mountain State Forest"
-73.47595,41.04787,"Ziegler Cove _00ep","Ziegler Cove"
-73.17678,41.17676,"Yellow Mill Bridge _00em","Yellow Mill Bridge"
-73.52207,41.03787,"West Beach _00ed","West Beach"
-73.47373,41.04982,"Goeller Cove _00e6","Goeller Cove"
-73.55596,41.02399,"Fords Beach _00e1","Fords Beach"
-73.41012,41.11371,"Ferry Point _00dz","Ferry Point"
-73.25761,41.16593,"Fairfield Woods _00dx","Fairfield Woods"
-73.57457,41.00371,"Elizabeth Neck _00du","Elizabeth Neck"
-73.40623,41.37648,"East Swamp _00dr","East Swamp"
-73.40679,41.09482,"East Norwalk Harbor _00dp","East Norwalk Harbor"
-73.55346,41.02399,"Cummings Point _00dj","Cummings Point"
-73.44207,41.41454,"Candleview Ridge _00uk","Candleview Ridge"
-73.18706,41.19426,"Berkshire Bridge _00cl","Berkshire Bridge"
-73.04122,41.22204,"Indian Neck _00b2","Indian Neck"
-72.85704,41.24787,"Johnson Point _00b9","Johnson Point"
-72.89038,41.32093,"Lewis Bridge _00bl","Lewis Bridge"
-72.95371,41.42093,"Mad Mare Ridge _00br","Mad Mare Ridge"
-72.87149,41.38982,"Mansfield Bridge _00bu","Mansfield Bridge"
-73.51596,41.03926,"Cummings Park Beach _00di","Cummings Park Beach"
-73.22789,41.14287,"Battery Point _00cf","Battery Point"
-73.50095,41.04732,"Cove Island _00dg","Cove Island"
-73.22817,41.15121,"Black Rock Neck _00cp","Black Rock Neck"
-73.21872,41.15649,"Brewster Cove _00ct","Brewster Cove"
-73.18567,41.17926,"Bridgeport Bridge _00cu","Bridgeport Bridge"
-73.18789,41.18371,"Center Bridge _00d1","Center Bridge"
-73.48373,41.14787,"Clapboard Hill Bridge _00d9","Clapboard Hill Bridge"
-73.99347,40.37844,"Barley Point Island _00is","Barley Point Island"
-73.42873,41.40009,"Barn Plain Bridge _00cb","Barn Plain Bridge"
-73.00316,41.2226,"Burwells Beach _00sp","Burwells Beach"
-74.24459,40.45872,"Laurence Harbor Beach _00id","Laurence Harbor Beach"
-73.48623,41.15815,"Brushy Ridge _00s1","Brushy Ridge"
-73.31484,41.11676,"Burial Hill Beach _00si","Burial Hill Beach"
-73.04955,41.21121,"Burns Point _00sj","Burns Point"
-73.21622,41.15843,"Burr Creek _00sk","Burr Creek"
-74.01264,40.70816,"Trinity Place Bridge _00rq","Trinity Place Bridge"
-73.36178,41.1751,"Burrs Bridges _00sm","Burrs Bridges"
-73.09178,41.89065,"Bristol Cove _00re","Bristol Cove"
-73.44929,41.05787,"Butlers Island _00sr","Butlers Island"
-73.08372,41.28537,"Buttermilk Hollow _00ss","Buttermilk Hollow"
-73.64068,41.00399,"Byram Harbor _00su","Byram Harbor"
-73.50596,41.32287,"Chauncey Island _00sx","Chauncey Island"
-73.09566,41.89176,"Cameron Point _00tp","Cameron Point"
-73.80652,41.17787,"Cabin Ridge _01l2","Cabin Ridge"
-73.37317,41.11565,"Burritt Cove _00sl","Burritt Cove"
-74.2282,40.09595,"Founder's Grove _00mc","Founder's Grove"
-73.04761,41.21204,"Gulf Beach _00ao","Gulf Beach"
-73.99486,40.42261,"Skeleton Hill Island _00it","Skeleton Hill Island"
-73.98764,40.41928,"South Island _00iu","South Island"
-73.32567,41.11343,"Alvord Beach _00ke","Alvord Beach"
-73.43679,41.46621,"Arrowhead Point _00kh","Arrowhead Point"
-73.49345,41.05037,"Brush Island _00s0","Brush Island"
-74.22556,40.09583,"Apollo Fountain _00m2","Apollo Fountain"
-74.03347,40.179,"L Street Bathing Beach _00ir","L Street Bathing Beach"
-73.43429,41.05843,"Bell Island _00nm","Bell Island"
-73.07455,41.22482,"Billberry Swamp _00p0","Billberry Swamp"
-73.22011,41.14871,"Black Rock Harbor _00q0","Black Rock Harbor"
-73.07205,41.2276,"Black Swamp _00q3","Black Swamp"
-73.38123,41.42648,"Bound Swamp _00qi","Bound Swamp"
-72.82121,41.26065,"Branford Point _00ra","Branford Point"
-73.06705,41.23815,"Baldwin Swamp _00kt","Baldwin Swamp"
-72.8176,41.2676,"Sylvan Point _005w","Sylvan Point"
-72.9051,41.29815,"Water Street Bridge _006n","Water Street Bridge"
-73.05261,41.48982,"Salem Bridge _0057","Salem Bridge"
-72.85427,41.2526,"Short Beach _005d","Short Beach"
-72.6287,41.27232,"Smith Bay _005h","Smith Bay"
-72.81815,41.39871,"Smith Rock _005i","Smith Rock"
-72.69648,41.25454,"Sachem Head _0054","Sachem Head"
-72.90538,41.31649,"State Street Bridge _005q","State Street Bridge"
-72.8176,41.32926,"Rose Swamp _0052","Rose Swamp"
-72.95621,41.31037,"Thomson Bridge _005z","Thomson Bridge"
-72.90455,41.29926,"Tomlinson Bridge _0060","Tomlinson Bridge"
-72.90955,41.34204,"Towns Bridge _0063","Towns Bridge"
-72.87399,41.3676,"Tuttle Bridge (historical) _0067","Tuttle Bridge (historical)"
-72.76038,41.26676,"Veddar Point _006f","Veddar Point"
-72.78399,41.26787,"Hotchkiss Cove Beach _00ax","Hotchkiss Cove Beach"
-72.90288,41.29732,"Stable Point _005o","Stable Point"
-73.05566,41.22288,"Memorial Bridge _003n","Memorial Bridge"
-75.19962,41.30009,"Pocono Mountains _0004","Pocono Mountains"
-74.39404,41.69454,"Nevele Falls _002c","Nevele Falls"
-74.00097,40.81455,"NY Susquehanna & Western Tunnl _002e","New York Susquehanna and Western Tunnel"
-73.19845,41.73843,"Little Plain (historical) _0036","Little Plain (historical)"
-73.40707,41.54454,"Lovers Leap Bridge _0037","Lovers Leap Bridge"
-72.87371,41.36732,"Sackett Point _0055","Sackett Point"
-73.11122,41.17315,"Mary Ann Bar _003h","Mary Ann Bar"
-72.92399,41.26926,"West Haven Flats _006t","West Haven Flats"
-72.82704,41.55649,"Mine Island _003r","Mine Island"
-72.88788,41.25287,"Morris Neck _003w","Morris Neck"
-72.81399,41.25621,"Pawson Point _004f","Pawson Point"
-73.07094,41.42704,"Pine Bridge _004l","Pine Bridge"
-72.95149,41.33787,"Pine Rock _004n","Pine Rock"
-73.04399,41.2151,"Prudden Point _004t","Prudden Point"
-72.67482,41.27093,"Marsh Meadow _003g","Marsh Meadow"
-72.89288,41.30204,"Ferry Bridge _00a6","Ferry Bridge"
-73.07872,41.19538,"Walnut Public Beach _006i","Walnut Public Beach"
-72.90927,41.32593,"Cold Spring _0097","Cold Spring"
-72.91066,41.32649,"College Woods _0098","College Woods"
-72.68926,41.26371,"The Cove _009f","The Cove"
-72.83899,41.52232,"Dossin Park Beach _009n","Dossin Park Beach"
-72.64815,41.27426,"Cedar Island Meadow _008o","Cedar Island Meadow"
-73.10844,41.17426,"Duck Island _009q","Duck Island"
-73.02816,41.21093,"Calf Pen Meadow _008k","Calf Pen Meadow"
-72.81704,41.49121,"Goat Point _00af","Goat Point"
-72.90705,41.30899,"Grand Avenue Bridge _00ag","Grand Avenue Bridge"
-73.05955,41.34121,"Grape Swamp _00ah","Grape Swamp"
-72.90288,41.30121,"Grape Vine Point _00ai","Grape Vine Point"
-72.89732,41.31065,"Great Neck _00al","Great Neck"
-73.45429,41.48121,"Candlewood Isle _00ul","Candlewood Isle"
-72.89566,41.30176,"Dragon Point _009p","Dragon Point"
-73.09844,41.18093,"Beard Cove (historical) _007v","Beard Cove (historical)"
-72.93982,41.28343,"West River Bridge _006v","West River Bridge"
-72.94677,41.2701,"Wigwam Neck _0073","Wigwam Neck"
-72.93482,41.27926,"Winter Harbor _0076","Winter Harbor"
-73.00816,41.22704,"Baldwin Point _007p","Baldwin Point"
-72.82288,41.26232,"Baldwin Rock _007q","Baldwin Rock"
-72.90538,41.30343,"Chapel Street Bridge _008u","Chapel Street Bridge"
-72.92038,41.33399,"Ball Spring (historical) _007s","Ball Spring (historical)"
-73.04705,41.21065,"Gulf Bridge _00ap","Gulf Bridge"
-72.93899,41.32815,"Beaver Pond Meadows _007y","Beaver Pond Meadows"
-72.69871,41.24649,"Bloody Cove _0084","Bloody Cove"
-72.93399,41.47621,"Brittany Meadows _008d","Brittany Meadows"
-73.07455,41.3926,"Broad Street Bridge _008e","Broad Street Bridge"
-73.02205,41.59343,"Buck Meadow _008i","Buck Meadow"
-73.11844,41.5451,"Buell Flats _008j","Buell Flats"
-72.90705,41.3076,"Ball Island _007r","Ball Island"
-72.72399,41.26149,"Little Harbor _01ci","Little Harbor"
-72.86677,41.24537,"Momauguin Beach _01en","Momauguin Beach"
-73.0865,41.20537,"Mohawk Swamp _01em","Mohawk Swamp"
-73.12511,41.55732,"Miry Swamp _01ej","Miry Swamp"
-73.49068,41.37982,"Mill Plain Swamp _01e9","Mill Plain Swamp"
-73.33567,41.12037,"Mill Creek _01e7","Mill Creek"
-73.10955,41.17288,"Milford Point _01e5","Milford Point"
-73.05344,41.21426,"Milford Harbor _01e4","Milford Harbor"
-73.47484,41.14399,"Marvin Ridge _01dk","Marvin Ridge"
-73.11261,41.16593,"Marine Basin _01df","Marine Basin"
-72.86121,41.24593,"Mansfield Point _01dd","Mansfield Point"
-73.40512,41.54037,"Lovers Leap _01d0","Lovers Leap"
-73.11789,41.15149,"Lordship Beach _01cz","Lordship Beach"
-73.4779,41.03649,"Long Neck Point _01cx","Long Neck Point"
-74.69461,40.59788,"Lanes Crossing (historical) _00ts","Lanes Crossing (historical)"
-72.83121,41.2601,"Lamphier Cove _01bp","Lamphier Cove"
-72.71537,41.26288,"Island Bay _019g","Island Bay"
-72.70871,41.34788,"Ivy Swamp _019l","Ivy Swamp"
-72.70732,41.25621,"Joshua Cove _01a6","Joshua Cove"
-72.85316,41.2501,"Kelsey Island _01af","Kelsey Island"
-73.3679,41.10649,"Kitts Island _01b0","Kitts Island"
-73.48012,41.04537,"Long Neck _01cw","Long Neck"
-73.96667,40.78167,"Great Lawn _01bj","Great Lawn"
-73.11344,41.21815,"Long Island _01cv","Long Island"
-72.71621,41.2626,"Leetes Island _01by","Leetes Island"
-73.15594,41.15732,"Lewis Gut _01bz","Lewis Gut"
-72.90427,41.24843,"Lighthouse Point _01c3","Lighthouse Point"
-73.98028,40.77583,"Thousand Acre Tract (hist) _01c5","Thousand Acre Tract (historical)"
-72.82843,41.2626,"Lindsey Cove _01cc","Lindsey Cove"
-73.48762,41.05065,"Noroton Neck _01fv","Noroton Neck"
-73.97472,40.77556,"Strawberry Fields _01bi","Strawberry Fields"
-73.35845,40.91038,"Bluff Point _01k1","Bluff Point"
-72.73065,41.25815,"Narrows Island _01fc","Narrows Island"
-73.76763,40.90843,"Beaufort Point _01j7","Beaufort Point"
-73.54235,40.87732,"Beekman Beach _01jg","Beekman Beach"
-73.82263,40.65955,"Bergen Basin _01jo","Bergen Basin"
-73.82902,40.59622,"Big Egg Marsh _01jq","Big Egg Marsh"
-73.22095,40.70732,"Bayberry Point _01j3","Bayberry Point"
-73.03483,40.73065,"Blue Point _01k0","Blue Point"
-73.8068,40.5926,"Barbadoes Basin _01iv","Barbadoes Basin"
-73.95819,41.20371,"Bowline Point _01k4","Bowline Point"
-73.80347,40.59872,"Brant Point _01k9","Brant Point"
-73.46096,40.73482,"Bread Spring _01ka","Bread Spring"
-73.25401,40.7076,"Brightwaters Canal _01ke","Brightwaters Canal"
-73.06872,40.72399,"Brown Point _01kn","Brown Point"
-72.31258,40.99704,"Brush Neck _01kp","Brush Neck"
-73.70652,40.60649,"Big Hassock _01js","Big Hassock"
-73.75263,41.35759,"Agor Ridge _01i5","Agor Ridge"
-73.96861,40.65833,"Terrace Bridge _0198","Terrace Bridge"
-73.40595,41.0901,"Norwalk Harbor _01g6","Norwalk Harbor"
-74.37237,40.73927,"Chatham Bridge _01gw","Chatham Bridge"
-74.30376,40.73455,"Maple Falls _01gy","Maple Falls"
-74.30515,40.73982,"Hawk Hill _01h1","Hawk Hill"
-73.7543,41.13287,"Bear Ridge _01j5","Bear Ridge"
-74.14959,40.58344,"Staten Island _01hz","Staten Island"
-73.01483,41.45815,"Naugatuck State Forest _01ff","Naugatuck State Forest"
-72.66954,40.80343,"Apacuck Point _01if","Apacuck Point"
-73.26345,40.70065,"Appletree Neck _01ig","Appletree Neck"
-73.34512,40.92232,"Northport Basin _01ii","Northport Basin"
-73.72874,40.58594,"Atlantic Beach _01il","Atlantic Beach"
-73.59096,40.62705,"Baldwin Bay _01is","Baldwin Bay"
-73.6543,40.82871,"Bar Beach _01iu","Bar Beach"
-73.92041,40.9501,"The Palisades _01hy","The Palisades"
-73.53207,41.03899,"East Branch _012a","East Branch"
-73.40345,41.09315,"Fitch Point _013o","Fitch Point"
-73.17733,41.1726,"Cooks Point _0110","Cooks Point"
-72.86621,41.49038,"Copper Valley _0115","Copper Valley"
-73.5954,41.0251,"Cos Cob Harbor _0119","Cos Cob Harbor"
-73.1165,41.17176,"Crimbo Point _011f","Crimbo Point"
-73.45679,41.0551,"Contentment Island _010y","Contentment Island"
-73.44401,41.45843,"Driftwood Point _0126","Driftwood Point"
-73.34289,41.11315,"Compo Cove _010s","Compo Cove"
-73.25734,41.12176,"Fairfield Beach _0136","Fairfield Beach"
-73.00955,41.23482,"Farley Swamp _013b","Farley Swamp"
-73.43734,41.06065,"Farm Creek _013d","Farm Creek"
-72.85316,41.2526,"Farm River Gut _013f","Farm River Gut"
-73.00594,41.21676,"Farview Beach _013g","Farview Beach"
-73.58151,41.01315,"Inner Cove Rock _019d","Inner Cove Rock"
-73.08233,41.21954,"Dismal Swamp _011z","Dismal Swamp"
-73.53762,41.03343,"Cemetery Point _00wf","Cemetery Point"
-73.3829,41.09704,"Canfield Island _00v0","Canfield Island"
-73.45818,41.15037,"Carter Swamp _00vu","Carter Swamp"
-73.11316,41.21343,"Carting Island _00vv","Carting Island"
-73.20928,41.15899,"Cedar Creek Harbor _00w7","Cedar Creek Harbor"
-73.67068,40.96538,"Rocky Point _00w8","Rocky Point"
-73.54123,41.03315,"Cook Point _010z","Cook Point"
-73.70263,40.94538,"Greenhaven Channel _00wa","Greenhaven Channel"
-73.0565,41.20815,"Fort Trumbull Beach _013z","Fort Trumbull Beach"
-73.46512,41.49648,"Chatterton Point _00wq","Chatterton Point"
-73.44207,41.50371,"Chimney Point _00z7","Chimney Point"
-72.65176,41.26704,"Circle Beach _00zb","Circle Beach"
-72.93177,41.2801,"City Point _00zd","City Point"
-72.72287,41.26065,"Clark Point _00zi","Clark Point"
-73.40151,41.54204,"Clatter Valley _010b","Clatter Valley"
-72.64732,41.27565,"Cedar Island _00w9","Cedar Island"
-73.98861,40.67944,"Union Street Bridge _018s","Union Street Bridge"
-73.64429,41.00232,"Farwells Island _013h","Farwells Island"
-73.61485,41.01538,"Indian Harbor _018g","Indian Harbor"
-72.81121,41.25537,"Indian Neck _018n","Indian Neck"
-72.82371,41.25565,"Indian Neck Point _018o","Indian Neck Point"
-73.98917,40.67806,"Carroll Street Bridge _018p","Carroll Street Bridge"
-73.46429,41.13149,"Hoyts Swamp _017f","Hoyts Swamp"
-73.99028,40.67611,"Third Street Bridge _018r","Third Street Bridge"
-73.41929,41.07399,"Hoyt Island _017e","Hoyt Island"
-73.98861,40.67694,"First Street Basin (hist) _018t","First Street Basin (historical)"
-73.99,40.67472,"Fourth Street Basin _018u","Fourth Street Basin"
-73.96806,40.6675,"Nellie's Lawn _0190","Nellie's Lawn"
-73.97167,40.66389,"Long Meadow _0193","Long Meadow"
-73.96861,40.66056,"Nethermead _0195","Nethermead"
-74.30432,40.86677,"Long Meadow _061h","Long Meadow"
-73.08178,41.91815,"Indian Point _018q","Indian Point"
-73.47123,41.05232,"Great Island _016r","Great Island"
-72.71121,41.25815,"Foskett Island _0141","Foskett Island"
-72.86455,41.4626,"Fresh Meadows _014r","Fresh Meadows"
-73.64429,41.00149,"Game Cock Island _015a","Game Cock Island"
-73.59929,41.01676,"Goose Island _0163","Goose Island"
-73.36317,41.14399,"Gorham Island _0165","Gorham Island"
-73.42345,41.57676,"Indian Field _018f","Indian Field"
-72.65759,41.26788,"Grass Island _016h","Grass Island"
-73.96528,40.65583,"Duck Island _0199","Duck Island"
-73.14094,41.15899,"Great Meadows _016t","Great Meadows"
-73.46012,41.52537,"Great Neck _016v","Great Neck"
-73.95528,40.74833,"Eleventh Street Basin _016y","Eleventh Street Basin"
-72.70648,41.25788,"Horse Island _0177","Horse Island"
-72.78704,41.26454,"Hotchkiss Grove Beach _017c","Hotchkiss Grove Beach"
-73.41207,41.54982,"Housatonic Valley _017d","Housatonic Valley"
-73.81583,40.84333,"Palmer Inlet _016d","Palmer Inlet"
-72.35369,41.10704,"Sandy Beach _0788","Sandy Beach"
-72.33869,41.11843,"Spring Pond _07aa","Spring Pond"
-72.69426,40.7976,"Speonk Point _07a1","Speonk Point"
-72.52509,40.85427,"Smith Creek _079j","Smith Creek"
-73.84847,41.09954,"Sleepy Hollow _079i","Sleepy Hollow"
-73.95597,41.18093,"Short Clove _0796","Short Clove"
-72.4312,40.87454,"Shinnecock Indian Reservation _0794","Shinnecock Indian Reservation"
-72.33286,41.06454,"Shelter Island _0790","Shelter Island"
-73.64346,40.6076,"Shell Harbor _078z","Shell Harbor"
-74.20459,41.72482,"Shawangunk Mountains _078w","Shawangunk Mountains"
-73.10039,40.95177,"Setauket Harbor _078t","Setauket Harbor"
-73.2929,40.69038,"Sequatogue Neck _078s","Sequatogue Neck"
-73.76763,40.90982,"Sedge Island _078q","Sedge Island"
-73.49707,40.64288,"Seamans Island _078k","Seamans Island"
-73.94597,41.5462,"Verplanck Ridge _07dd","Verplanck Ridge"
-73.80097,40.85343,"Rodman Neck _077g","Rodman Neck"
-73.9543,40.75705,"Queensboro Bridge _076d","Queensboro Bridge"
-73.92208,40.79677,"Randalls Island _076i","Randalls Island"
-74.01847,40.67927,"Red Hook _076n","Red Hook"
-73.78235,41.01454,"Red Maple Swamp _076q","Red Maple Swamp"
-73.65707,40.62677,"Reed Channel _076r","Reed Channel"
-73.33595,40.67482,"Santapogue Point _078b","Santapogue Point"
-73.85152,40.57149,"Rockaway Beach _077b","Rockaway Beach"
-73.35234,40.67538,"Santapogue Neck _078a","Santapogue Neck"
-74.06542,41.8237,"Rosendale Plains _077m","Rosendale Plains"
-73.32234,40.68899,"Sampawams Neck _0783","Sampawams Neck"
-73.31484,40.68038,"Sampawams Point _0784","Sampawams Point"
-73.68652,40.60066,"Sand Bar Point _0785","Sand Bar Point"
-73.72958,40.86593,"Sands Point _0787","Sands Point"
-73.97042,41.24121,"Stony Point _07am","Stony Point"
-73.88097,40.79066,"Rikers Island _0774","Rikers Island"
-73.78569,40.87121,"Twin Island _07cq","Twin Island"
-73.5879,40.90927,"Stehli Beach _07af","Stehli Beach"
-73.93653,41.28176,"Travis Point _07cd","Travis Point"
-73.92597,40.79038,"Triborough Bridge _07cf","Triborough Bridge"
-73.91625,41.14426,"Trough Hollow _07ch","Trough Hollow"
-73.93125,40.87038,"Tubby Hook _07cj","Tubby Hook"
-73.21456,40.70593,"Town Beach _07ca","Town Beach"
-72.40286,40.95149,"Turtle Cove _07co","Turtle Cove"
-73.19512,40.70593,"Town Beach _07c9","Town Beach"
-73.74541,40.63066,"Uncle Daniels Point _07ct","Uncle Daniels Point"
-73.69207,41.36343,"Union Valley _07cw","Union Valley"
-73.43012,40.65066,"Unqua Point _07cy","Unqua Point"
-73.76263,41.19676,"Valley Ridge _07d4","Valley Ridge"
-73.94625,41.55704,"Van Wyck Ridge _07da","Van Wyck Ridge"
-74.00986,40.76316,"Lincoln Tunnel _0618","Lincoln Tunnel"
-73.80597,40.85843,"Turtle Cove _07cn","Turtle Cove"
-72.67899,40.80454,"Tanner Neck _07bf","Tanner Neck"
-73.71458,40.86954,"Prospect Point _0763","Prospect Point"
-73.109,40.96065,"Strongs Neck _07ar","Strongs Neck"
-73.36722,40.66333,"Strongs Point _07as","Strongs Point"
-73.93903,41.67732,"Sunfish Cove _07aw","Sunfish Cove"
-73.26595,40.90815,"Sunken Meadow _07ax","Sunken Meadow"
-73.78763,40.88732,"Travers Island _07cc","Travers Island"
-73.76763,40.91121,"Tank Island _07be","Tank Island"
-73.17483,40.90232,"Stony Brook Harbor _07al","Stony Brook Harbor"
-73.89847,41.16954,"Tellers Point _07bl","Tellers Point"
-73.60013,40.90343,"The Creek Beach _07bo","The Creek Beach"
-73.64624,40.60399,"The Lagoon _07bp","The Lagoon"
-73.11122,40.9701,"The Narrows _07bs","The Narrows"
-73.25901,40.70149,"Thorn Canal _07bw","Thorn Canal"
-73.79097,40.80482,"Throgs Point _07bx","Throgs Point"
-73.83875,40.79482,"Tallman Island _07ba","Tallman Island"
-73.78291,40.89038,"Neptune Island _0732","Neptune Island"
-74.01264,40.57788,"Norton Point _073k","Norton Point"
-73.65068,40.85454,"Mosquito Cove _072g","Mosquito Cove"
-73.76069,40.61205,"Motts Basin _072h","Motts Basin"
-73.77319,40.61316,"Motts Point _072j","Motts Point"
-74.0457,41.18148,"Mount Ivy Swamp _072k","Mount Ivy Swamp"
-71.85729,41.07205,"Montauk Point _0728","Montauk Point"
-73.76874,40.61483,"Negro Bar Channel _0730","Negro Bar Channel"
-73.00844,40.96565,"Miller Place Beach _071t","Miller Place Beach"
-73.84319,41.09037,"New Croton Aqueduct _0733","New Croton Aqueduct"
-73.7768,40.89566,"New Rochelle Harbor _0736","New Rochelle Harbor"
-72.89677,40.77121,"Neweys Canal _0739","Neweys Canal"
-73.53929,40.64344,"Nicks Point _073a","Nicks Point"
-73.149,40.69899,"Nicoll Point _073b","Nicoll Point"
-73.8693,41.21232,"Quaker Bridge _076b","Quaker Bridge"
-73.03038,40.95704,"Mount Sinai Harbor _072m","Mount Sinai Harbor"
-72.4687,41.00371,"Marsh Point _070d","Marsh Point"
-73.78569,40.88704,"Lower Harbor _06zq","Lower Harbor"
-73.73485,41.37704,"Mahopac Point _06zy","Mahopac Point"
-72.18036,41.0376,"Maidstone Park Beach _0700","Maidstone Park Beach"
-73.31595,40.92704,"Makamah Beach _0701","Makamah Beach"
-73.72208,40.83066,"Manhasset Bay _0702","Manhasset Bay"
-73.95069,41.23787,"Montrose Point _0729","Montrose Point"
-72.50481,40.98566,"Marratooka Point _070b","Marratooka Point"
-73.75958,40.91315,"Oak Island _073n","Oak Island"
-73.92347,40.72399,"Maspeth Creek _070i","Maspeth Creek"
-73.55457,40.63927,"Merrick Bay _0713","Merrick Bay"
-73.54624,40.63844,"Merrick Point _0714","Merrick Point"
-73.21873,40.70871,"Middle Canal _071f","Middle Canal"
-73.81319,40.86093,"Middle Rock _071h","Middle Rock"
-73.19178,40.87593,"Mill Creek _071k","Mill Creek"
-73.68707,40.84038,"Manhasset Neck _0703","Manhasset Neck"
-73.81875,41.09704,"Pocantico Hills _075h","Pocantico Hills"
-72.92344,40.96288,"North Shore Beach _073f","North Shore Beach"
-73.73708,41.38315,"Petre Island _0750","Petre Island"
-73.71652,41.04732,"Pforzheimer Memorial Bridge _0751","Pforzheimer Memorial Bridge"
-72.57454,40.83093,"Phillips Point _0754","Phillips Point"
-73.72735,40.83343,"Plum Point _075e","Plum Point"
-73.81597,40.86204,"Pelham Bridge _074q","Pelham Bridge"
-73.92236,40.58288,"Plumb Beach _075g","Plumb Beach"
-73.78958,40.86621,"Pelham Bay _074o","Pelham Bay"
-73.91236,40.58233,"Point Breeze _075l","Point Breeze"
-73.16428,40.91815,"Porpoise Channel _075p","Porpoise Channel"
-73.08788,40.96232,"Port Jefferson Harbor _075q","Port Jefferson Harbor"
-72.91094,40.75788,"Post Point _075s","Post Point"
-72.64565,40.79732,"Potunk Point _075t","Potunk Point"
-73.97014,40.70566,"Wallabout Channel _07dm","Wallabout Channel"
-74.01347,41.46482,"Plum Point _075f","Plum Point"
-73.10622,40.97038,"Old Field Beach _073w","Old Field Beach"
-73.58179,40.90954,"Oak Neck Beach _073o","Oak Neck Beach"
-73.56624,40.91565,"Oak Neck Point _073p","Oak Neck Point"
-73.64985,40.59927,"California Canal _073r","California Canal"
-73.27873,40.69066,"Okenok Neck _073s","Okenok Neck"
-73.87069,41.19565,"Old Croton Aqueduct _073t","Old Croton Aqueduct"
-73.23567,40.71343,"Penataquit Point _074v","Penataquit Point"
-73.83263,40.80538,"Old Ferry Point _073v","Old Ferry Point"
-73.95097,41.53232,"Purdy Ridge _0769","Purdy Ridge"
-72.65204,40.79927,"Oneck _0741","Oneck"
-73.79347,40.86621,"Orchard Beach _0744","Orchard Beach"
-73.92542,41.22759,"Oscawana Island _0749","Oscawana Island"
-74.24765,40.52122,"Outerbridge Reach _074c","Outerbridge Reach"
-73.15595,40.69843,"Overlook Beach _074d","Overlook Beach"
-73.95708,41.62009,"Pegs Point _074n","Pegs Point"
-73.85708,41.0901,"Old Croton Aqueduct _073u","Old Croton Aqueduct"
-73.7368,40.80843,"Great Neck _07j5","Great Neck"
-73.63179,40.89788,"East Island _07k2","East Island"
-73.62179,40.89843,"East Beach _07k0","East Beach"
-73.7293,40.94704,"East Basin _07jz","East Basin"
-73.63791,40.8926,"Dosoris Island _07jx","Dosoris Island"
-73.73819,40.92927,"Delancey Cove _07jw","Delancey Cove"
-73.71263,40.94371,"Crane Island _07jv","Crane Island"
-73.72263,40.93149,"Crab Island _07ju","Crab Island"
-73.74263,40.92649,"Cedar Island _07jt","Cedar Island"
-73.67124,40.97149,"Bloomer Island _07js","Bloomer Island"
-73.71957,40.93371,"Black Tom _07jq","Black Tom"
-72.35092,41.10649,"Youngs Point _07je","Youngs Point"
-73.96236,41.24926,"Verplanck Point _07jc","Verplanck Point"
-73.80291,40.80982,"Throgs Neck _07jb","Throgs Neck"
-73.80402,40.59483,"Vernam Basin _07dc","Vernam Basin"
-73.88458,40.80232,"Barretto Point _07iy","Barretto Point"
-73.64124,40.8651,"Mosquito Neck _07im","Mosquito Neck"
-73.93125,40.70927,"Montrose Avenue Swing Bridge _07io","Montrose Avenue Swing Bridge"
-73.93153,40.71427,"Metropolitan Av Bascule Bridge _07ip","Metropolitan Avenue Bascule Bridge"
-73.92486,40.71566,"East Branch _07iq","East Branch"
-73.93903,41.69148,"Fox Point _07is","Fox Point"
-73.67624,40.85649,"Mott Point _07j9","Mott Point"
-72.54926,40.95593,"Brushs Point _07ix","Brushs Point"
-73.87264,41.08843,"Kingsland Point _07j7","Kingsland Point"
-72.34203,41.1126,"Cleaves Point _07j0","Cleaves Point"
-73.39262,40.94176,"Eatons Neck _07j1","Eatons Neck"
-73.3954,40.9551,"Eatons Neck Point _07j2","Eatons Neck Point"
-73.94597,40.8501,"Fort Washington Point _07j3","Fort Washington Point"
-74.01903,40.68899,"Governors Island _07j4","Governors Island"
-73.73902,40.92343,"Larchmont Harbor _07k9","Larchmont Harbor"
-73.88291,40.80288,"Barretto Cove _07iw","Barretto Cove"
-73.73958,40.9251,"North Ledge _07l7","North Ledge"
-73.73735,40.92815,"Greacen Point _07k5","Greacen Point"
-73.71263,40.93788,"Turkey Rock _07kx","Turkey Rock"
-73.65374,40.87843,"Weeks Point _07kz","Weeks Point"
-73.06622,40.81677,"Long Island _07l1","Long Island"
-73.73541,40.94399,"West Basin _07l2","West Basin"
-73.72485,40.94177,"Shootfly Island _07kv","Shootfly Island"
-73.74458,40.92871,"Little Harbor Sound _07l6","Little Harbor Sound"
-73.73374,40.92538,"Satans Toe _07ks","Satans Toe"
-73.74235,40.92065,"South Ledge _07l8","South Ledge"
-73.65957,40.98454,"Manursing Island Reef _07la","Manursing Island Reef"
-73.69346,40.95482,"Mill Pond _07lb","Mill Pond"
-73.3704,40.66427,"Indian Island _07lg","Indian Island"
-73.19122,40.9001,"Nissequogue Neck _07lh","Nissequogue Neck"
-73.9493,40.7626,"Roosevelt Island _07lj","Roosevelt Island"
-73.73208,40.9451,"Harbor Island _07l5","Harbor Island"
-73.67985,40.95871,"Oakland Beach _07kj","Oakland Beach"
-73.65068,40.83538,"Tappen Beach _07ii","Tappen Beach"
-73.71513,40.93899,"Mamaroneck Harbor _07ka","Mamaroneck Harbor"
-73.66291,40.97121,"Manursing Island _07kd","Manursing Island"
-73.70041,40.94899,"Maries Neck _07kf","Maries Neck"
-73.69763,40.94649,"Milton Harbor _07kg","Milton Harbor"
-73.70874,40.94343,"Spike Island _07kw","Spike Island"
-73.65791,40.97954,"North Manursing Island _07ki","North Manursing Island"
-73.70596,40.94204,"Hen Island _07k7","Hen Island"
-73.72208,40.93815,"Orienta Point _07kk","Orienta Point"
-73.68874,40.95093,"Peningo Neck _07km","Peningo Neck"
-73.68318,40.95121,"Pine Island _07kn","Pine Island"
-73.71652,40.94177,"Pops Rocks _07kp","Pops Rocks"
-73.66041,40.98565,"Port Chester Harbor _07kq","Port Chester Harbor"
-73.67846,40.96204,"Rye Beach _07kr","Rye Beach"
-73.74069,40.92677,"Monroe Inlet _07kh","Monroe Inlet"
-72.8176,40.77871,"Smiths Point _07fn","Smiths Point"
-73.14039,40.93871,"West Meadow Creek _07g2","West Meadow Creek"
-73.36956,40.9001,"Little Neck _07f6","Little Neck"
-73.75069,40.77649,"Little Neck _07f7","Little Neck"
-72.75204,40.79204,"Marks Canal _07fb","Marks Canal"
-72.8126,40.78732,"Old Neck _07fg","Old Neck"
-72.82482,40.7926,"Island Point _07f3","Island Point"
-72.81482,40.77704,"Sands Point _07fj","Sands Point"
-73.95097,41.39565,"Gees Point _07f1","Gees Point"
-73.98403,41.43176,"The Clove _07fu","The Clove"
-72.83399,40.75954,"The Lagoon _07fv","The Lagoon"
-73.74708,40.64205,"Thurston Basin _07fx","Thurston Basin"
-72.75399,40.78427,"Tuthill Point _07fy","Tuthill Point"
-73.14289,40.93649,"West Meadow _07g0","West Meadow"
-73.64068,40.85316,"Carpenter Neck _07il","Carpenter Neck"
-72.76343,40.78232,"Radio Point _07fh","Radio Point"
-72.82121,40.78288,"Delafield Point _07eq","Delafield Point"
-73.38151,40.93676,"Walnut Neck _07do","Walnut Neck"
-73.92541,40.7876,"Wards Island _07du","Wards Island"
-73.16984,40.69899,"West Beach _07e8","West Beach"
-73.2215,40.7101,"West Canal _07ed","West Canal"
-73.95208,40.76205,"West Channel _07ee","West Channel"
-72.81927,40.78677,"Libby Point _07f5","Libby Point"
-72.77816,40.86232,"Cranberry Pond _07eo","Cranberry Pond"
-73.46012,40.90565,"West Neck _07g4","West Neck"
-73.66791,41.28232,"Delaware Aqueduct _07es","Delaware Aqueduct"
-73.98653,41.4887,"Denning Point _07et","Denning Point"
-73.55957,40.62344,"False Channel _07ew","False Channel"
-73.05428,40.66788,"Fire Island _07ex","Fire Island"
-72.81316,40.76288,"Floyd Point _07ez","Floyd Point"
-72.82038,40.76649,"Forge Point _07f0","Forge Point"
-73.74402,41.37676,"Canopus Island _07em","Canopus Island"
-73.57818,40.90121,"West Harbor _07i2","West Harbor"
-73.14567,40.93704,"West Meadow Beach _07g1","West Meadow Beach"
-73.64596,40.82204,"Mott Cove _07hs","Mott Cove"
-73.56707,40.90788,"Oak _07ht","Oak"
-73.91736,40.58594,"Plumb Beach Channel _07hu","Plumb Beach Channel"
-73.70874,40.83371,"Toms Point _07hx","Toms Point"
-73.34151,40.67093,"Bergan Point _07hp","Bergan Point"
-73.84875,40.77205,"Cape Ruth _07i1","Cape Ruth"
-73.6843,40.62927,"Cauerbach Canal _07hn","Cauerbach Canal"
-73.40012,40.95065,"Eastons Neck Basin _07i3","Eastons Neck Basin"
-73.91791,40.79288,"Sunken Meadow _07i4","Sunken Meadow"
-73.93097,40.78149,"Hog Back _07i9","Hog Back"
-73.89319,40.59288,"Barren Island _07ia","Barren Island"
-73.96347,41.35759,"East Gable _07id","East Gable"
-73.9443,41.17482,"Long Clove _06zg","Long Clove"
-73.76652,40.61788,"Grass Hassock _07i0","Grass Hassock"
-73.70708,40.61872,"Woodmere Channel _07h1","Woodmere Channel"
-72.53565,40.85121,"West Point _07g5","West Point"
-73.94736,40.73566,"Whale Creek _07g7","Whale Creek"
-73.53152,40.63899,"Whaleneck Point _07g8","Whaleneck Point"
-72.15952,41.04982,"Whispering Woods _07gb","Whispering Woods"
-73.52068,40.63927,"White Point _07ge","White Point"
-73.9293,40.72816,"Kosciusko Bridge _07hr","Kosciusko Bridge"
-73.58124,40.63344,"Woodclift Canal _07gy","Woodclift Canal"
-73.65318,40.84371,"Carpenter Point _07ik","Carpenter Point"
-73.78097,40.89316,"Wright Island _07h4","Wright Island"
-73.15122,40.92288,"Youngs Island _07h7","Youngs Island"
-74.01625,40.70288,"The Battery _07h9","The Battery"
-73.97125,41.41676,"Target Point _07ha","Target Point"
-74.01625,40.6501,"Bay Ridge Flats _07hc","Bay Ridge Flats"
-73.92764,40.78093,"Negro Point _07hd","Negro Point"
-73.38873,40.92343,"Winkle Point _07gs","Winkle Point"
-74.04486,40.10206,"Wills Hole Thoroughfare _06fq","Wills Hole Thoroughfare"
-74.06042,40.4215,"Leonardo Harbor _06hs","Leonardo Harbor"
-74.0632,40.36678,"Jones Point _06hr","Jones Point"
-74.07847,40.35067,"Hubbards Bridge _06hp","Hubbards Bridge"
-74.02236,40.32206,"Horseneck Point _06ho","Horseneck Point"
-73.97597,40.39428,"Highlands Beach _06hm","Highlands Beach"
-73.98042,40.35594,"Gunning Island _06hk","Gunning Island"
-74.01125,40.32928,"Gooseneck Point _06hj","Gooseneck Point"
-74.0757,40.35567,"Coopers Bridge _06hf","Coopers Bridge"
-74.06653,40.36094,"Blossom Cove _06hb","Blossom Cove"
-74.01069,40.32622,"Blackberry Bay _06ha","Blackberry Bay"
-73.99375,40.38094,"Barley Point _06h9","Barley Point"
-74.07597,39.98067,"Great Swan Bay _06h4","Great Swan Bay"
-74.07653,39.99595,"Middle Sedge _06h0","Middle Sedge"
-73.96958,41.55426,"Low Point _06zp","Low Point"
-74.23959,40.8951,"Wanaque Aqueduct _06dy","Wanaque Aqueduct"
-74.1093,39.97567,"Tilton Point _06cl","Tilton Point"
-74.37626,40.84593,"Troy Meadows _06cz","Troy Meadows"
-74.22042,40.5601,"Tufts Point _06d1","Tufts Point"
-74.09625,40.11428,"Turkey Point _06d4","Turkey Point"
-74.65321,40.30566,"Upper Bear Swamp _06db","Upper Bear Swamp"
-74.0843,40.02734,"Marsh Baywood _06gz","Marsh Baywood"
-74.07959,40.82316,"Walden Swamp _06dw","Walden Swamp"
-74.07041,39.99595,"Chadwick Beach Island _06gy","Chadwick Beach Island"
-74.08319,40.05706,"Wardells Neck _06e2","Wardells Neck"
-74.19014,39.79318,"Waretown Harbor _06e4","Waretown Harbor"
-74.02681,40.75593,"Weehawken Cove _06en","Weehawken Cove"
-73.97625,40.81399,"Weehawken Edgewater Channel _06eo","Weehawken Edgewater Channel"
-74.08236,39.96428,"West Point Island _06f2","West Point Island"
-73.9968,40.33094,"Manahassett Creek _06hw","Manahassett Creek"
-74.63349,40.93427,"Van Every Cove _06dl","Van Every Cove"
-74.04541,40.10289,"Gull Island _06ko","Gull Island"
-74.04486,40.36761,"Lewis Point _06ht","Lewis Point"
-74.01764,40.1865,"Belmar Basin _06kg","Belmar Basin"
-73.99542,40.37567,"Black Point Creek _06kh","Black Point Creek"
-74.06291,40.0229,"Curtis Point _06ki","Curtis Point"
-74.06403,40.01401,"Dutchmans Point _06kk","Dutchmans Point"
-74.47182,40.61177,"Washington Rock _06jm","Washington Rock"
-74.04959,40.80649,"Garretts Reach _06kn","Garretts Reach"
-74.20848,40.44122,"Matawan Point _06jf","Matawan Point"
-74.01903,40.37983,"Haven Reach _06kp","Haven Reach"
-73.9793,40.39455,"Highlands Reach _06kq","Highlands Reach"
-74.19459,39.95012,"Kilpatrick Point _06kr","Kilpatrick Point"
-74.13514,39.70901,"Kinseys Pond _06ks","Kinseys Pond"
-73.99819,40.344,"Long Branch Reach _06kt","Long Branch Reach"
-73.98292,40.38511,"Lower Rocky Point _06ku","Lower Rocky Point"
-74.06292,40.35844,"Fair Haven Reach _06kl","Fair Haven Reach"
-73.99153,40.33761,"Raccoon Island _06ih","Raccoon Island"
-74.04875,40.11623,"The Glimmer Glass _06ce","The Glimmer Glass"
-74.1907,40.38705,"Mount Pleasant Hills _06i2","Mount Pleasant Hills"
-73.97542,40.38955,"Navesink Beach _06i3","Navesink Beach"
-74.01431,40.3815,"Oceanic Bridge _06i6","Oceanic Bridge"
-73.98347,40.3615,"Oyster Bay _06i8","Oyster Bay"
-74.00375,40.38205,"Barley Point Reach _06kf","Barley Point Reach"
-73.98208,40.40705,"Plum Island _06id","Plum Island"
-74.01708,40.38372,"Locust Point _06hv","Locust Point"
-73.98986,40.44316,"Sandy Hook _06ii","Sandy Hook"
-73.97986,40.35122,"Sedge Island _06ij","Sedge Island"
-74.08125,40.43483,"Belford Harbor _06ik","Belford Harbor"
-73.98903,40.42428,"Spermaceti Cove _06im","Spermaceti Cove"
-74.02097,40.33428,"Town Neck Creek _06iq","Town Neck Creek"
-74.05264,40.3715,"Guyon Point _06ix","Guyon Point"
-73.99986,40.33233,"Pleasure Bay _06ic","Pleasure Bay"
-74.64544,40.93732,"Pickerel Point _066e","Pickerel Point"
-74.21737,40.60066,"Potters Island _0675","Potters Island"
-74.34154,41.05565,"Norvin Green State Forest _0650","Norvin Green State Forest"
-74.07153,40.09178,"Osborn Island _065f","Osborn Island"
-74.37876,39.54901,"Osborne Island _065g","Osborne Island"
-74.2482,40.52455,"Outerbridge Reach _065i","Outerbridge Reach"
-74.06708,40.00317,"Normandy Harbor _064r","Normandy Harbor"
-74.08847,39.94317,"Pelican Island _0666","Pelican Island"
-74.62849,40.94565,"Nolans Point _064o","Nolans Point"
-74.31959,40.85843,"Pine Brook Bridge _066j","Pine Brook Bridge"
-74.64877,40.9626,"Pine Tree Point _066n","Pine Tree Point"
-74.25209,40.52177,"Ploughshare Point _066r","Ploughshare Point"
-74.63877,40.95954,"Point Breeze _066u","Point Breeze"
-74.24237,40.55483,"Port Reading Reach _0671","Port Reading Reach"
-74.33792,39.56901,"Thorofare Point _06ck","Thorofare Point"
-74.18209,40.91649,"Passaic Falls _065v","Passaic Falls"
-74.24126,40.45344,"Marquis Creek _062e","Marquis Creek"
-72.42675,41.03482,"Moyle Cove _07ll","Moyle Cove"
-74.13819,39.9379,"Long Point _061j","Long Point"
-74.05375,40.09817,"Long Point _061k","Long Point"
-74.36126,40.75593,"Lower Chatham Bridge _061r","Lower Chatham Bridge"
-74.03319,40.10206,"Manasquan Inlet _0627","Manasquan Inlet"
-74.18264,39.79456,"North Harbor _064w","North Harbor"
-74.08736,40.7476,"Marion Reach _062d","Marion Reach"
-74.23931,40.91343,"Preakness Valley _0679","Preakness Valley"
-74.29181,40.50399,"Marsh Point _062f","Marsh Point"
-74.08069,40.09234,"Meadow Point _062q","Meadow Point"
-74.08319,40.03873,"Metedeconk Neck _062t","Metedeconk Neck"
-74.32321,40.92649,"Morris Canal _063n","Morris Canal"
-74.04042,40.71094,"Morris Canal Basin _063o","Morris Canal Basin"
-74.08319,40.04845,"Nejecho Beach _064g","Nejecho Beach"
-74.53293,40.58621,"Middlebrook Heights _062b","Middlebrook Heights"
-74.32598,41.17871,"Storms Island _06ba","Storms Island"
-74.25209,40.5451,"Port Socony Reach _0672","Port Socony Reach"
-74.12264,39.99373,"Silver Bay _069p","Silver Bay"
-74.65155,40.96454,"Sister Islands _069u","Sister Islands"
-74.06791,40.03123,"Sloop Point _069z","Sloop Point"
-74.36321,40.83927,"Smith Ditch _06a2","Smith Ditch"
-74.64766,40.93454,"Sharps Point _069j","Sharps Point"
-73.90236,40.99704,"Station Rock _06ay","Station Rock"
-74.02875,40.18456,"Shark River Island _069i","Shark River Island"
-74.74378,40.94732,"Strawberry Point _06bb","Strawberry Point"
-74.63572,40.86677,"Succasunna Plains _06be","Succasunna Plains"
-74.65099,40.96038,"Sun Rise Point _06bh","Sun Rise Point"
-74.05903,40.03401,"Swan Point _06bt","Swan Point"
-74.33515,40.8276,"Swinefield Bridge _06bw","Swinefield Bridge"
-74.13848,40.81066,"Nutley Reach _06kx","Nutley Reach"
-74.02764,40.18372,"South Arm _06a6","South Arm"
-74.09569,40.11095,"Sand Bar Point _068q","Sand Bar Point"
-74.63655,40.9626,"Raccoon Island _067g","Raccoon Island"
-74.22598,41.10093,"Ramapo Mountains _067j","Ramapo Mountains"
-74.22876,40.45261,"Raritan Bay Beach _067m","Raritan Bay Beach"
-74.55738,40.57927,"Chimney Rock Gorge _067u","Chimney Rock Gorge"
-74.64988,40.94038,"River Styx _067y","River Styx"
-74.11097,39.96928,"Shelter Cove _069n","Shelter Cove"
-74.37682,41.16787,"Rough Mountain State Forest _068d","Rough Mountain State Forest"
-74.10542,39.94706,"Thomas A Mathis Bridge _06ch","Thomas A Mathis Bridge"
-74.17042,39.80706,"Sands Point Harbor _068r","Sands Point Harbor"
-74.07736,40.05151,"Sandy Point _068t","Sandy Point"
-74.28376,40.50122,"Sandy Point _068u","Sandy Point"
-74.02569,40.13789,"Sea Girt Inlet _0696","Sea Girt Inlet"
-74.0868,40.0129,"Seaweed Point _0697","Seaweed Point"
-74.23514,40.45622,"Seidler Beach _069b","Seidler Beach"
-74.47099,40.89649,"Rockaway Valley _0685","Rockaway Valley"
-72.35036,41.11288,"Gull Pond _06v4","Gull Pond"
-73.87652,40.65066,"Hendrix Creek _06w0","Hendrix Creek"
-72.40286,41.04038,"Great Hog Neck _06uo","Great Hog Neck"
-73.5029,40.63371,"Great Island _06up","Great Island"
-73.38734,40.66232,"Great Neck _06uq","Great Neck"
-72.5037,40.9426,"Great Peconic Bay _06ut","Great Peconic Bay"
-73.96375,41.22426,"Grassy Point _06uj","Grassy Point"
-73.104,40.71843,"Green Point _06ux","Green Point"
-73.14567,40.73315,"Grand Canal _06ug","Grand Canal"
-73.93458,40.77788,"Hallets Point _06v9","Hallets Point"
-72.57315,40.8351,"Hampton Point _06vc","Hampton Point"
-72.41897,41.05899,"Harpers Point _06vh","Harpers Point"
-73.76597,40.90982,"Harrison Island _06vj","Harrison Island"
-73.18039,40.70649,"Heckscher Canal _06vp","Heckscher Canal"
-72.46675,41.00732,"Fleets Neck _06sg","Fleets Neck"
-73.1015,40.69038,"Great South Bay _06uu","Great South Bay"
-73.64318,40.85816,"Glen Cove Creek _06tu","Glen Cove Creek"
-74.13514,40.03151,"Mallard Point _06kv","Mallard Point"
-74.21042,40.57455,"Fresh Kills Reach _06t5","Fresh Kills Reach"
-72.10341,41.09788,"Gardiners Island _06td","Gardiners Island"
-73.7793,41.19065,"Gedney Swamp _06tj","Gedney Swamp"
-73.85347,41.58343,"George Brown Bridge _06tl","George Brown Bridge"
-73.3429,40.67677,"Great East Neck _06un","Great East Neck"
-73.6918,40.62594,"Georges Creek _06tn","Georges Creek"
-73.70208,40.59205,"Hicks Beach _06w5","Hicks Beach"
-73.78347,40.88593,"Glen Island _06tv","Glen Island"
-73.4304,40.89676,"Gold Star Beach _06u3","Gold Star Beach"
-73.81902,40.86538,"Goose Island _06u7","Goose Island"
-72.42925,41.04538,"Goose Neck _06u8","Goose Neck"
-73.99792,40.6726,"Gowanus Canal _06ub","Gowanus Canal"
-73.66846,40.63233,"Grand Canal _06uf","Grand Canal"
-73.95236,40.85149,"George Washington Bridge _06tm","George Washington Bridge"
-73.76263,40.79093,"Little Neck Bay _06z4","Little Neck Bay"
-73.65457,40.83232,"Hempstead Harbor _06vv","Hempstead Harbor"
-73.72541,41.36926,"Lake Mahopac Ridge _06yd","Lake Mahopac Ridge"
-73.69513,40.59649,"Lawrence Marsh _06yh","Lawrence Marsh"
-73.94403,41.27454,"Lents Cove _06yn","Lents Cove"
-73.11066,40.95177,"Little Bay _06yy","Little Bay"
-73.86597,41.1401,"Kemeys Cove _06xv","Kemeys Cove"
-73.36234,40.67149,"Little Neck _06z3","Little Neck"
-73.28706,40.68871,"Keith Canal _06xt","Keith Canal"
-73.37512,40.91315,"Little Neck Point _06z5","Little Neck Point"
-73.38317,40.86288,"Little Plains _06z8","Little Plains"
-73.66596,40.58344,"Long Beach _06zd","Long Beach"
-73.16761,40.92288,"Long Beach _06ze","Long Beach"
-72.32286,40.99899,"Long Beach _06zf","Long Beach"
-74.27292,39.59012,"Little Egg Harbor _061c","Little Egg Harbor"
-73.33345,40.68343,"Little East Neck _06yz","Little East Neck"
-72.6162,40.92704,"Indian Island _06x1","Indian Island"
-73.92958,40.84204,"High Bridge _06w6","High Bridge"
-73.7843,40.88038,"Hog Island _06wf","Hog Island"
-73.3804,40.65871,"Howell Point _06wl","Howell Point"
-72.94538,40.74149,"Howells Point _06wm","Howells Point"
-74.42543,41.39704,"Huckleberry Hills _06wn","Huckleberry Hills"
-72.48342,40.9901,"Kimogene Point _06y1","Kimogene Point"
-73.87291,40.80205,"Hunts Point _06wt","Hunts Point"
-73.38679,40.90232,"Fleets Cove _06sf","Fleets Cove"
-73.94653,41.27454,"Indian Point _06x2","Indian Point"
-73.26623,40.69788,"Isbrandtsen Canal _06x7","Isbrandtsen Canal"
-74.20376,40.57649,"Island of Meadows _06x9","Island of Meadows"
-73.50096,40.64538,"Island Creek _06xa","Island Creek"
-73.83541,40.60399,"Jamaica Bay _06xf","Jamaica Bay"
-72.8651,40.7476,"Johns Neck _06xn","Johns Neck"
-73.78986,40.87649,"Hunter Island _06ws","Hunter Island"
-74.29848,41.21482,"Chapel Island _06os","Chapel Island"
-73.98181,40.57205,"Coney Island Beach _06pi","Coney Island Beach"
-74.08014,39.95762,"Ortley Cove _06nj","Ortley Cove"
-74.08486,39.94817,"Harbor Island _06nk","Harbor Island"
-74.05097,40.8001,"Schmidts Woods _06o0","Schmidts Woods"
-73.84708,40.81149,"Castle Hill Point _06og","Castle Hill Point"
-74.08236,39.99456,"Northwest Point Island _06nh","Northwest Point Island"
-73.58402,41.37648,"Cedar Swamp _06oo","Cedar Swamp"
-74.08653,39.95706,"Mikes Island _06ln","Mikes Island"
-73.6943,40.60455,"Charles Point _06ow","Charles Point"
-73.94181,41.27787,"Charles Point _06ox","Charles Point"
-73.81569,40.83927,"Cherry Tree Point _06p2","Cherry Tree Point"
-73.79402,40.85649,"City Island Bridge _06p4","City Island Bridge"
-73.84917,40.80556,"Clason Point _06p6","Clason Point"
-73.46012,40.65593,"Fort Neck _06sx","Fort Neck"
-72.67787,40.90871,"Cedar Swamp _06on","Cedar Swamp"
-74.5496,40.59594,"Washington Valley _06l4","Washington Valley"
-73.50263,40.62677,"Low Island _06zo","Low Island"
-74.06792,40.35372,"Red Bank Reach _06ky","Red Bank Reach"
-74.01625,40.35844,"Rumson Neck _06kz","Rumson Neck"
-73.99486,40.38428,"Upper Rocky Point _06l0","Upper Rocky Point"
-74.14125,40.27511,"Hockhockson Swamp _06l1","Hockhockson Swamp"
-74.07986,39.99262,"Marsh Elder Island _06ni","Marsh Elder Island"
-74.35793,40.60844,"Ash Brook Swamp _06l3","Ash Brook Swamp"
-73.12122,40.95843,"Conscience Bay _06pl","Conscience Bay"
-74.29959,40.95843,"Pompton Plains _06l5","Pompton Plains"
-74.09958,40.13206,"Manasquan River Wildlife Area _06l7","Manasquan River State Wildlife Management Area"
-74.09125,40.10762,"Bass Point _06lc","Bass Point"
-73.99958,40.34178,"Shrewsbury Bay _06lf","Shrewsbury Bay"
-74.04625,40.10845,"Crabtown Creek _06lg","Crabtown Creek"
-74.07653,39.98151,"Little Sedge Island _06lm","Little Sedge Island"
-74.09681,41.00843,"Saddle River Valley _06l2","Saddle River Valley"
-73.76291,40.90732,"Echo Island _06rq","Echo Island"
-73.76485,40.9126,"Clifford Island _06p8","Clifford Island"
-73.21595,40.70815,"East Canal _06rf","East Canal"
-73.90319,40.61233,"East Mill Basin _06ri","East Mill Basin"
-73.40262,40.89732,"East Neck _06rj","East Neck"
-73.91764,40.78705,"East River _06rl","East River"
-73.94097,40.74094,"Dutch Kills _06r8","Dutch Kills"
-73.76763,40.9051,"Echo Bay _06rp","Echo Bay"
-73.76763,40.90704,"Duck Point _06r4","Duck Point"
-73.77013,40.90871,"Ferris Creek _06s5","Ferris Creek"
-73.5479,40.90871,"Ferry Beach _06s6","Ferry Beach"
-73.56124,40.63455,"Fighting Island _06s8","Fighting Island"
-72.89816,40.76204,"Fireplace Neck _06sb","Fireplace Neck"
-72.40481,40.93677,"Fish Cove _06sc","Fish Cove"
-71.98174,41.27315,"Fishers Island _06sd","Fishers Island"
-73.66152,40.62427,"East Rockaway Channel _06rm","East Rockaway Channel"
-73.79597,40.79455,"Cryders Point _06qb","Cryders Point"
-73.37596,40.66482,"Copiague Neck _06po","Copiague Neck"
-73.97819,40.71094,"Corlears Hook _06pq","Corlears Hook"
-72.4912,40.87343,"Cormorant Point _06pr","Cormorant Point"
-73.32067,40.92426,"Crab Meadow _06pv","Crab Meadow"
-73.89514,41.59704,"Cranberry Bog _06px","Cranberry Bog"
-73.14678,40.70427,"East Beach _06ra","East Beach"
-73.89486,41.17982,"Croton Point _06q7","Croton Point"
-74.11931,40.7376,"Point No Point _06kw","Point No Point"
-73.77124,40.89816,"Davenport Neck _06qg","Davenport Neck"
-73.89875,40.58233,"Dead Horse Bay _06qj","Dead Horse Bay"
-73.65846,41.33676,"Deans Bridge _06qk","Deans Bridge"
-74.19876,41.16509,"Delaney Swamp _06qm","Delaney Swamp"
-73.37873,40.92704,"Duck Island _06r2","Duck Island"
-73.37762,40.92538,"Duck Island Bluff _06r3","Duck Island Bluff"
-73.70985,40.60399,"Crooked Creek _06q3","Crooked Creek"
