-73.06872,41.38593,"Steel Brook _05g6","Steel Brook"
-73.11011,41.43065,"Towantic Brook _05hf","Towantic Brook"
-73.46346,41.17537,"Thayers Brook _05h7","Thayers Brook"
-73.09733,41.89093,"Taylor Brook _05h4","Taylor Brook"
-73.42873,41.39148,"Sympaug Brook _05gv","Sympaug Brook"
-73.05983,41.64788,"Sutliffe Brook _05gs","Sutliffe Brook"
-73.05038,41.2326,"Stubby Plain Brook _05gl","Stubby Plain Brook"
-73.03705,41.22649,"Stubby Plain Brook _05gk","Stubby Plain Brook"
-73.02677,41.4676,"Straitsville Brook _05gg","Straitsville Brook"
-73.41151,41.40621,"Stony Hill Brook _05gf","Stony Hill Brook"
-73.36762,41.13204,"Stony Brook _05ge","Stony Brook"
-73.47901,41.06204,"Stony Brook _05gd","Stony Brook"
-73.21206,41.3551,"Smith Pond Brook _05ff","Smith Pond Brook"
-73.20456,41.5001,"Stiles Brook _05g9","Stiles Brook"
-73.11789,41.80593,"Troy Brook _05hu","Troy Brook"
-72.80177,41.49899,"Spruce Glen Brook _05g3","Spruce Glen Brook"
-73.25956,41.48648,"Spruce Brook _05g2","Spruce Brook"
-73.05733,41.60704,"Spruce Brook _05g1","Spruce Brook"
-73.51484,41.09454,"Springdale Brook _05g0","Springdale Brook"
-72.76649,41.46482,"Spring Brook _05fw","Spring Brook"
-72.77121,41.54732,"Spoon Shop Brook _05fu","Spoon Shop Brook"
-72.68843,41.28926,"Spinning Mill Brook _05ft","Spinning Mill Brook"
-73.46623,41.2301,"Spectacle Brook _05fr","Spectacle Brook"
-73.20539,41.52121,"South Brook _05fl","South Brook"
-73.21539,41.47871,"South Branch Bullet Hill Brook _05fk","South Branch Bullet Hill Brook"
-73.08011,41.37704,"Wooster Brook _05kh","Wooster Brook"
-73.40845,41.54565,"Still River _05ga","Still River"
-73.24956,41.30093,"West Branch Pequonnock River _05j9","West Branch Pequonnock River"
-73.55235,41.11315,"Haviland Brook _05a7","Haviland Brook"
-73.40373,41.13537,"Woods Pond Brook _05ke","Woods Pond Brook"
-73.38956,41.37815,"Wolf Pit Brook _05k9","Wolf Pit Brook"
-72.95705,41.32676,"Wintergreen Brook _05k5","Wintergreen Brook"
-72.95594,41.34176,"Wilmot Brook _05k1","Wilmot Brook"
-72.90482,41.44565,"Willow Brook _05k0","Willow Brook"
-72.77093,41.54649,"Willow Brook _05jz","Willow Brook"
-72.83566,41.42732,"Wharton Brook _05js","Wharton Brook"
-72.93788,41.28093,"West River _05jk","West River"
-72.67398,41.26676,"West River _05jj","West River"
-72.94733,41.50176,"West Brook _05jc","West Brook"
-73.25706,41.47204,"Transylvania Brook _05hp","Transylvania Brook"
-73.36401,41.17176,"West Branch Saugatuck River _05ja","West Branch Saugatuck River"
-72.99899,41.27288,"Trout Brook _05ht","Trout Brook"
-73.11678,41.79704,"West Branch Naugatuck River _05j8","West Branch Naugatuck River"
-73.05538,41.22232,"Wepawaug River _05j4","Wepawaug River"
-73.07316,41.52093,"Welton Brook _05j1","Welton Brook"
-73.08761,41.58732,"Wattles Brook _05iz","Wattles Brook"
-72.87177,41.38038,"Watermans Brook _05ix","Watermans Brook"
-73.13928,41.35315,"Upper White Hills Brook _05ig","Upper White Hills Brook"
-72.88705,41.25537,"Tuttle Brook _05i8","Tuttle Brook"
-73.10067,41.69538,"Turner Brook _05i3","Turner Brook"
-73.00066,41.53871,"Turkey Hill Brook _05i2","Turkey Hill Brook"
-73.08622,41.26899,"Turkey Hill Brook _05i1","Turkey Hill Brook"
-73.07372,41.58621,"Turkey Brook _05hx","Turkey Brook"
-72.66426,41.27204,"Sluice Creek _05fc","Sluice Creek"
-73.41095,41.43259,"West Brook _05jb","West Brook"
-72.87621,41.54232,"Honeypot Brook _05b4","Honeypot Brook"
-73.3604,41.42232,"Pogond Brook _05cb","Pogond Brook"
-72.79482,41.29037,"Pisgah Brook _05c8","Pisgah Brook"
-73.11789,41.33926,"Pink House Cove Brook _05c6","Pink House Cove Brook"
-72.81899,41.3976,"Pine River _05c3","Pine River"
-73.26623,41.11982,"Pine Creek _05by","Pine Creek"
-72.85066,41.42093,"Pine Brook _05bx","Pine Brook"
-73.03038,41.38954,"Pine Brook _05bw","Pine Brook"
-73.05789,41.50371,"Pigeon Brook _05bt","Pigeon Brook"
-73.17456,41.16676,"Pequonnock River _05bq","Pequonnock River"
-73.46373,41.16315,"Parting Brook _05bf","Parting Brook"
-73.45512,41.38759,"Parks Pond Brook _05be","Parks Pond Brook"
-73.12261,41.6176,"Smith Pond Brook _05fg","Smith Pond Brook"
-72.98677,41.23565,"Oyster River _05b6","Oyster River"
-73.54235,41.12287,"Poorhouse Brook _05cj","Poorhouse Brook"
-73.4554,41.10649,"Holy Ghost Fathers Brook _05b1","Holy Ghost Fathers Brook"
-72.61148,41.3276,"Hog Pond Brook _05ay","Hog Pond Brook"
-73.05983,41.43676,"Hockanum Brook _05aw","Hockanum Brook"
-72.73621,41.26371,"Hoadley Creek _05au","Hoadley Creek"
-72.96233,41.56315,"Hitchcock Lake Brook _05at","Hitchcock Lake Brook"
-72.9151,41.45565,"Hickory Brook _05aj","Hickory Brook"
-73.21484,41.54343,"Hesseky Brook _05ai","Hesseky Brook"
-73.0715,41.4276,"Hemp Swamp Brook _05af","Hemp Swamp Brook"
-72.69398,41.42621,"Hemlock Brook _05ad","Hemlock Brook"
-72.88205,41.31343,"Hemingway Creek _05ab","Hemingway Creek"
-74.25292,40.03956,"Grass Hollow Branch _05wo","Grass Hollow Branch"
-73.45318,41.39732,"Padanaram Brook _05b9","Padanaram Brook"
-73.2265,41.3651,"Sammis Brook _05e0","Sammis Brook"
-73.05955,41.54926,"Sled Haul Brook _05fa","Sled Haul Brook"
-73.42984,41.13454,"Silvermine River _05f5","Silvermine River"
-73.43818,41.13621,"Silvermine Brook _05f2","Silvermine Brook"
-73.48373,41.23093,"Silver Spring Brook _05f1","Silver Spring Brook"
-72.99927,41.2726,"Silver Brook _05ey","Silver Brook"
-73.3629,41.17315,"Silver Brook _05ex","Silver Brook"
-73.48429,41.46954,"Short Woods Brook _05ew","Short Woods Brook"
-73.07816,41.52121,"Shattuck Brook _05en","Shattuck Brook"
-73.19456,41.30926,"Sharps Brook _05em","Sharps Brook"
-72.71454,41.36815,"Schoolhouse Brook _05ed","Schoolhouse Brook"
-72.97677,41.3751,"Sargent River _05e6","Sargent River"
-73.00149,41.68176,"Poland River _05cf","Poland River"
-72.96955,41.42204,"Sanford Brook _05e3","Sanford Brook"
-73.24623,41.43148,"Pole Bridge Brook _05cg","Pole Bridge Brook"
-73.60735,41.05982,"Rockwood Lake Brook _05dm","Rockwood Lake Brook"
-72.92538,41.4751,"Roaring Brook _05dj","Roaring Brook"
-73.069,41.40454,"Rimmon Brook _05dh","Rimmon Brook"
-73.11455,41.43232,"Riggs Street Brook _05dg","Riggs Street Brook"
-73.47012,41.31315,"Ridgefield Brook _05de","Ridgefield Brook"
-73.11594,41.21149,"Raven Stream _05d8","Raven Stream"
-73.03622,41.28843,"Race Brook _05d4","Race Brook"
-72.90399,41.29954,"Quinnipiac River _05d0","Quinnipiac River"
-73.08955,41.65065,"Purgatory Brook _05cv","Purgatory Brook"
-73.36762,41.16232,"Poplar Plains Brook _05cl","Poplar Plains Brook"
-73.47929,41.17648,"Poorhouse Brook _05ck","Poorhouse Brook"
-73.55985,41.42759,"Salmons Daily Brook _05kl","Salmons Daily Brook"
-72.92233,41.47204,"Sanford Brook _05e4","Sanford Brook"
-74.50349,40.65927,"Corys Brook _05sk","Corys Brook"
-74.04653,40.11067,"Debbies Creek _05tm","Debbies Creek"
-74.52238,40.6501,"Dead River _05tj","Dead River"
-74.22264,39.95595,"Davenport Branch _05te","Davenport Branch"
-74.31487,40.77177,"Cub Brook _05t6","Cub Brook"
-74.26292,40.46122,"Crossway Creek _05t1","Crossway Creek"
-74.22348,40.59899,"Cross Creek _05t0","Cross Creek"
-74.03931,40.80621,"Cromakill Creek _05sz","Cromakill Creek"
-73.9643,40.94704,"Cresskill Brook _05sw","Cresskill Brook"
-74.61293,40.324,"Cranbury Brook _05ss","Cranbury Brook"
-74.90156,40.60316,"Cramers Creek _05sr","Cramers Creek"
-74.43543,40.62232,"Crab Brook _05sq","Crab Brook"
-74.35932,40.75093,"Canoe Brook _05qv","Canoe Brook"
-74.16959,40.08067,"Cotterals Brook _05sl","Cotterals Brook"
-74.04319,40.10873,"Deep Creek _05tp","Deep Creek"
-74.35654,41.1526,"Cooley Brook _05sf","Cooley Brook"
-74.04208,40.91232,"Coles Brook _05rz","Coles Brook"
-74.686,41.36009,"Clove Brook _05rv","Clove Brook"
-74.18737,40.44761,"Chingarora Creek _05rn","Chingarora Creek"
-74.00375,41.01676,"Cherry Brook _05rl","Cherry Brook"
-74.66627,40.61538,"Chambers Brook _05ri","Chambers Brook"
-74.68099,40.58927,"Chambers Brook _05rh","Chambers Brook"
-74.39071,40.39066,"Cedar Brook _05r8","Cedar Brook"
-74.11819,40.05484,"Cedar Bridge Branch _05r7","Cedar Bridge Branch"
-74.24681,40.59927,"Caseys Creek _05r2","Caseys Creek"
-73.07594,41.52315,"Wooster Brook _05kg","Wooster Brook"
-74.51404,40.41288,"Cow Yard Brook _05so","Cow Yard Brook"
-74.55654,40.58427,"East Branch Middle Brook _05uj","East Branch Middle Brook"
-74.98683,41.48759,"Lackawaxen River _0005","Lackawaxen River"
-74.82266,40.24261,"Gold Run _05wi","Gold Run"
-74.1632,40.93732,"Goffle Brook _05wg","Goffle Brook"
-74.66683,40.73232,"Gladstone Brook _05wc","Gladstone Brook"
-74.34653,39.60373,"Giffords Mill Branch _05wa","Giffords Mill Branch"
-74.02986,40.91482,"French Brook _05w1","French Brook"
-74.58238,41.10676,"Franklin Pond Creek _05vz","Franklin Pond Creek"
-74.26681,39.70567,"Fourmile Branch _05vr","Fourmile Branch"
-74.32821,40.83149,"Foulertons Brook _05vp","Foulertons Brook"
-73.98097,40.87316,"Flat Rock Brook _05vh","Flat Rock Brook"
-74.65516,40.19372,"Edges Brook _05uv","Edges Brook"
-74.26959,40.20678,"Debois Creek _05tn","Debois Creek"
-74.29959,40.72621,"East Branch Rahway River _05uk","East Branch Rahway River"
-74.15792,40.96454,"Deep Brook _05to","Deep Brook"
-73.96292,40.98315,"Dwars Kill _05ug","Dwars Kill"
-74.5946,40.55121,"Dukes Brook _05ud","Dukes Brook"
-73.97375,40.98454,"Dorotockeys Run _05u7","Dorotockeys Run"
-74.6796,40.17594,"Doctors Creek _05u4","Doctors Creek"
-74.03181,40.81677,"Doctor Creek _05u3","Doctor Creek"
-74.19431,40.12789,"Polypod Brook _05u0","Polypod Brook"
-74.14209,40.94204,"Diamond Brook _05ty","Diamond Brook"
-74.50349,40.87704,"Den Brook _05tv","Den Brook"
-73.96486,40.95121,"Demarest Brook _05tu","Demarest Brook"
-74.26543,40.8876,"Deepavaal Brook _05tr","Deepavaal Brook"
-74.21237,40.59955,"Deep Creek _05tq","Deep Creek"
-74.911,40.61205,"Capoolong Creek _05qp","Capoolong Creek"
-74.39515,40.85316,"Eastmans Brook _05uq","Eastmans Brook"
-74.14514,39.84679,"Wire Creek _05m5","Wire Creek"
-74.61766,40.32511,"Bear Brook _05nn","Bear Brook"
-74.13125,41.01843,"Allendale Brook _05nm","Allendale Brook"
-74.12653,39.97845,"Tide Creek _05nk","Tide Creek"
-74.21903,40.43261,"Wilkson Creek _05nj","Wilkson Creek"
-74.08653,40.78038,"Anderson Creek _05nh","Anderson Creek"
-74.12542,40.01873,"South Branch Kettle Creek _05n8","South Branch Kettle Creek"
-74.1657,39.94956,"Long Swamp Creek _05n7","Long Swamp Creek"
-74.20986,40.02206,"Slab Branch _05n6","Slab Branch"
-74.07708,40.02901,"Reedy Creek _05ms","Reedy Creek"
-74.09903,40.00706,"Tide Creek _05mo","Tide Creek"
-74.12236,39.98123,"Applegate Creek _05mc","Applegate Creek"
-74.60238,40.37066,"Carters Brook _05r1","Carters Brook"
-74.17181,39.82706,"Bridge Creek _05m7","Bridge Creek"
-74.25987,40.22539,"Applegates Creek _05o4","Applegates Creek"
-74.1657,40.20428,"East Branch Mingamahone Brook _05m4","East Branch Mingamahone Brook"
-73.46234,41.46454,"Ball Pond Brook _05m2","Ball Pond Brook"
-73.05539,41.56843,"Steele Brook _05lq","Steele Brook"
-72.9076,41.37287,"Shepard Brook _05lo","Shepard Brook"
-73.5454,41.04176,"Rippowam River _05lm","Rippowam River"
-73.48651,41.37898,"Miry Brook _05ll","Miry Brook"
-73.47429,41.38232,"Kissen Brook _05lk","Kissen Brook"
-73.21623,41.30871,"Beardsley Brook _05lh","Beardsley Brook"
-72.82954,41.52482,"Sodom Brook _05lg","Sodom Brook"
-73.08927,41.25593,"Farmill River _05le","Farmill River"
-73.10844,41.16926,"Housatonic River _05kq","Housatonic River"
-74.2007,39.76595,"Lochiel Creek _05m8","Lochiel Creek"
-74.63155,40.42094,"Beden Brook _05p3","Beden Brook"
-74.15209,40.08234,"Cabinfield Branch _05qk","Cabinfield Branch"
-74.32681,40.48205,"Burt Creek _05qf","Burt Creek"
-74.31043,41.07315,"Burnt Meadow Brook _05qe","Burnt Meadow Brook"
-74.26098,40.22206,"Burkes Creek _05qb","Burkes Creek"
-74.71655,40.22205,"Branch of Pond Run _05pw","Branch of Pond Run"
-74.52571,40.55955,"Bound Brook _05pt","Bound Brook"
-74.48904,40.58705,"Bonygutt Brook _05pr","Bonygutt Brook"
-74.40321,40.66649,"Blue Brook _05pm","Blue Brook"
-74.32765,40.00873,"Blacks Branch _05pl","Blacks Branch"
-74.39432,40.81093,"Black Brook _05pi","Black Brook"
-74.08486,40.78705,"Berrys Creek _05pb","Berrys Creek"
-74.94517,40.70399,"Alpaugh Brook _05nt","Alpaugh Brook"
-74.34849,41.15343,"Belcher Creek _05p5","Belcher Creek"
-74.52516,40.55983,"Ambrose Brook _05nv","Ambrose Brook"
-74.06125,40.06012,"Beaverdam Creek _05p1","Beaverdam Creek"
-74.4996,40.90121,"Beaver Brook _05p0","Beaver Brook"
-74.58849,40.97593,"Beaver Brook _05oz","Beaver Brook"
-74.04403,41.02593,"Bear Brook _05ov","Bear Brook"
-74.32154,40.76871,"Bear Brook _05ou","Bear Brook"
-74.05431,40.80788,"Bashes Creek _05on","Bashes Creek"
-74.77794,40.33927,"Baldwins Creek _05oh","Baldwins Creek"
-74.6946,40.18261,"Back Creek _05oc","Back Creek"
-74.64599,40.43955,"Back Brook _05ob","Back Brook"
-74.77044,40.2165,"Assunpink Creek _05oa","Assunpink Creek"
-74.38265,41.01371,"Apshawa Brook _05o5","Apshawa Brook"
-73.19317,41.3001,"Harvey Pete Brook _05a5","Harvey Pete Brook"
-74.02958,40.81288,"Bellmans Creek _05p8","Bellmans Creek"
-72.92399,41.53649,"Cuff Brook _011i","Cuff Brook"
-73.48596,41.43426,"East Lake Brook _012h","East Lake Brook"
-73.36984,41.38398,"East Fork _012f","East Fork"
-73.40957,41.43343,"East Brook _012e","East Brook"
-73.11705,41.79676,"East Branch Naugatuck River _012d","East Branch Naugatuck River"
-73.67374,41.05787,"E Branch Converse Pond Brook _012c","East Branch Converse Pond Brook"
-73.46957,41.2226,"East Branch Comstock Brook _012b","East Branch Comstock Brook"
-73.42345,41.58787,"East Aspetuck River _0129","East Aspetuck River"
-72.66815,41.3476,"Dowd Hollow Brook _0124","Dowd Hollow Brook"
-73.38762,41.39037,"Dibbles Brook _011v","Dibbles Brook"
-73.36067,41.13871,"Deadman Brook _011s","Deadman Brook"
-73.3604,41.20371,"Davidge Brook _011o","Davidge Brook"
-73.0215,41.58426,"Chase Brook _00wo","Chase Brook"
-73.26845,41.4051,"Curtis Pond Brook _011l","Curtis Pond Brook"
-73.40623,41.39704,"East Swamp Brook _012q","East Swamp Brook"
-72.82593,41.53843,"Crow Hollow Brook _011h","Crow Hollow Brook"
-73.40179,41.59287,"Cross Brook _011g","Cross Brook"
-73.25956,41.19454,"Cricker Brook _011e","Cricker Brook"
-72.95983,41.2526,"Cove River _011c","Cove River"
-73.41929,41.16037,"Copts Brook _0116","Copts Brook"
-73.219,41.36454,"Copper Mill Brook _0114","Copper Mill Brook"
-73.44123,41.26732,"Cooper Pond Brook _0113","Cooper Pond Brook"
-73.43345,41.19676,"Comstock Brook _010v","Comstock Brook"
-73.04316,41.50065,"Cold Spring Brook _010m","Cold Spring Brook"
-73.0665,41.57454,"Clough Brook _010j","Clough Brook"
-73.05316,41.49815,"Hop Brook _016z","Hop Brook"
-73.09761,41.32065,"Curtiss Brook _011m","Curtiss Brook"
-73.44595,41.05732,"Fivemile River _013r","Fivemile River"
-73.16789,41.29287,"Hazelton Brook _05aa","Hazelton Brook"
-73.12289,41.34454,"Great Hill Brook _016q","Great Hill Brook"
-73.02538,41.56649,"Great Brook _016l","Great Brook"
-73.30623,41.15399,"Great Brook _016k","Great Brook"
-73.48429,41.04454,"Goodwives River _015u","Goodwives River"
-73.22789,41.53482,"Good Hill Brook _015t","Good Hill Brook"
-73.43151,41.21176,"Goetzen Brook _015r","Goetzen Brook"
-73.3904,41.23287,"Godfrey Brook _015q","Godfrey Brook"
-73.10678,41.53649,"Goat Brook _015p","Goat Brook"
-73.07844,41.38426,"Globe Mill Brook _015o","Globe Mill Brook"
-73.42762,41.25898,"Gilbert Bennett Brook _015k","Gilbert Bennett Brook"
-73.00733,41.53899,"East Mountain Brook _012j","East Mountain Brook"
-73.35012,41.47732,"Fred Beers Brook _014q","Fred Beers Brook"
-72.66398,41.27093,"East River _012m","East River"
-73.15956,41.38399,"Fivemile Brook _013q","Fivemile Brook"
-72.8451,41.36399,"Fivemile Brook _013p","Fivemile Brook"
-72.98872,41.57399,"Finch Brook _013m","Finch Brook"
-73.12289,41.18787,"Ferry Creek _013l","Ferry Creek"
-72.58509,41.27177,"Fence Creek _013i","Fence Creek"
-72.85927,41.2476,"Farm River _013e","Farm River"
-72.94177,41.35871,"Farm Brook _013c","Farm Brook"
-72.82316,41.38399,"Eightmile Brook _012z","Eightmile Brook"
-73.05372,41.46037,"Egypt Brook _012x","Egypt Brook"
-73.09511,41.59176,"Echo Lake Brook _012t","Echo Lake Brook"
-72.9051,41.42593,"Eaton Brook _012s","Eaton Brook"
-73.129,41.24121,"Cemetery Pond Brook _00wg","Cemetery Pond Brook"
-73.04761,41.50204,"Fulling Mill Brook _014x","Fulling Mill Brook"
-73.05483,41.48621,"Long Meadow Pond Brook _00k9","Long Meadow Pond Brook"
-73.4104,41.11843,"Betts Pond Brook _00ov","Betts Pond Brook"
-73.44762,41.15315,"Belden Hill Brook _00nl","Belden Hill Brook"
-72.95621,41.34565,"Belden Brook _00ni","Belden Brook"
-73.20261,41.25176,"Belden Brook _00nh","Belden Brook"
-73.00066,41.53843,"Beaver Pond Brook _00n8","Beaver Pond Brook"
-73.0765,41.33399,"Beaver Brook _00n4","Beaver Brook"
-73.35817,41.1926,"Beaver Brook _00n2","Beaver Brook"
-73.05205,41.46843,"Beacon Hill Brook _00mf","Beacon Hill Brook"
-73.47568,41.46759,"Bates Brook _00m0","Bates Brook"
-73.45429,41.2101,"Barretts Brook _00l8","Barretts Brook"
-72.64509,41.27371,"Bailey Creek _00ko","Bailey Creek"
-73.41845,41.18149,"Chestnut Hill Brook _00z3","Chestnut Hill Brook"
-72.8476,41.42621,"Allen Brook _00kd","Allen Brook"
-73.0715,41.39704,"Bladens River _00q4","Bladens River"
-74.27709,40.36455,"Sandy Brook _00gi","Sandy Brook"
-74.64405,40.42927,"Dead Tree Run _00fy","Dead Tree Run"
-74.64571,40.45205,"Fox Brook _00fx","Fox Brook"
-74.62877,40.39927,"Van Horn Brook _00fw","Van Horn Brook"
-74.24792,40.40372,"Birch Swamp Brook _00f9","Birch Swamp Brook"
-73.16428,41.16454,"White Rock Creek _00ej","White Rock Creek"
-72.73371,41.2851,"Chestnut Branch _0090","Chestnut Branch"
-72.80315,41.55288,"Cathole Brook _008n","Cathole Brook"
-72.85649,41.27871,"Beaver Swamp Brook _007z","Beaver Swamp Brook"
-73.06455,41.29732,"Turkey Hill Brook _0066","Turkey Hill Brook"
-74.54877,40.78927,"Walnut Creek _002f","Walnut Creek"
-73.36262,41.17343,"Aspetuck River _00kj","Aspetuck River"
-73.27456,41.15815,"Browns Brook _00rv","Browns Brook"
-72.79371,41.46704,"Catlin Brook _00w3","Catlin Brook"
-73.25512,41.24454,"Canoe Brook _00v1","Canoe Brook"
-74.53682,40.46677,"Ninemile Run _00u4","Ninemile Run"
-74.5121,40.52594,"Fox Creek _00u3","Fox Creek"
-74.5046,40.5351,"Cedar Brook _00u2","Cedar Brook"
-72.90177,41.43815,"Butterworth Brook _00st","Butterworth Brook"
-73.09205,41.31565,"Burying Ground Brook _00sq","Burying Ground Brook"
-72.81815,41.32426,"Burrs Brook _00sn","Burrs Brook"
-73.45623,41.59759,"Bullymuck Brook _00sb","Bullymuck Brook"
-73.22261,41.48343,"Bullet Hill Brook _00sa","Bullet Hill Brook"
-73.4804,41.64509,"Bull Mountain Brook _00s8","Bull Mountain Brook"
-73.11622,41.2751,"Black Brook _00pb","Black Brook"
-73.15705,41.1576,"Bruce Brook _00rw","Bruce Brook"
-73.03761,41.39176,"Black Brook _00pc","Black Brook"
-73.59901,41.03815,"Brothers Brook _00ru","Brothers Brook"
-72.91927,41.46537,"Brooksvale Stream _00rt","Brooksvale Stream"
-72.85899,41.52704,"Broad Brook _00rf","Broad Brook"
-72.98566,41.61565,"Break Hill Brook _00rc","Break Hill Brook"
-73.44123,41.26871,"Branchville Brook _00r8","Branchville Brook"
-72.71315,41.37149,"Branch Brook _00r7","Branch Brook"
-73.17678,41.38121,"Boys Halfway River _00qk","Boys Halfway River"
-73.18456,41.23954,"Booth Hill Brook _00qg","Booth Hill Brook"
-73.38901,41.19537,"Boone Brook _00qe","Boone Brook"
-73.42734,41.32343,"Bogus Mountain Brook _00qb","Bogus Mountain Brook"
-73.17178,41.29454,"Boehm Brook _00q8","Boehm Brook"
-73.04094,41.52537,"Hopeville Pond Brook _0174","Hopeville Pond Brook"
-73.41845,41.18287,"Bryant Brook _00s3","Bryant Brook"
-73.50679,41.05982,"Noroton River _01fw","Noroton River"
-74.09181,40.79371,"Fish Creek _01h5","Fish Creek"
-74.30126,40.74316,"Beech Brook _01h2","Beech Brook"
-74.3057,40.73538,"Maple Brook _01gz","Maple Brook"
-72.99816,41.57065,"Old Tannery Brook _01gf","Old Tannery Brook"
-72.93066,41.26287,"Old Field Creek _01gb","Old Field Creek"
-72.60954,41.31177,"Oil Mill Brook _01ga","Oil Mill Brook"
-72.76204,41.30565,"Notch Hill Brook _01g9","Notch Hill Brook"
-73.41456,41.09982,"Norwalk River _01g7","Norwalk River"
-73.24012,41.29315,"North Farrars Brook _01g4","North Farrars Brook"
-73.38456,41.22898,"N Branch W Br Saugatuck River _01g0","North Branch West Branch Saugatuck River"
-72.7601,41.53565,"North Branch Spoon Shop Brook _01fz","North Branch Spoon Shop Brook"
-73.07761,41.37676,"Mud Brook _01ez","Mud Brook"
-72.77149,41.54704,"North Branch Harbor Brook _01fx","North Branch Harbor Brook"
-74.51516,40.89815,"Foxs Brook _01ha","Foxs Brook"
-73.21306,41.55639,"Nonnewaug River _01ft","Nonnewaug River"
-73.08233,41.37621,"Nickel Mine Brook _01fo","Nickel Mine Brook"
-73.17039,41.33621,"Nelson Brook _01fi","Nelson Brook"
-73.10539,41.23954,"Freeman Brook _01fh","Freeman Brook"
-72.62454,41.27954,"Neck River _01fg","Neck River"
-73.08066,41.31371,"Naugatuck River _01fe","Naugatuck River"
-72.7676,41.32232,"Munger Brook _01f8","Munger Brook"
-73.45457,41.21926,"Mullens Brook _01f6","Mullens Brook"
-72.87177,41.36704,"Muddy River _01f2","Muddy River"
-73.33428,41.12176,"Muddy Brook _01f1","Muddy Brook"
-73.38401,41.48926,"Hop Brook _016x","Hop Brook"
-73.29567,41.3751,"North Branch Pootatuck River _01fy","North Branch Pootatuck River"
-72.54731,40.95704,"Brushs Creek _01kr","Brushs Creek"
-73.1765,41.58815,"Harvey Brook _05a4","Harvey Brook"
-72.82927,41.52649,"Harbor Brook _059x","Harbor Brook"
-73.04872,41.57982,"Hancock Brook _059p","Hancock Brook"
-72.6112,41.3276,"Hammonasset River _059j","Hammonasset River"
-73.20178,41.37482,"Halfway River _058i","Halfway River"
-73.11733,41.79093,"Gulf Stream _057j","Gulf Stream"
-72.79121,41.38371,"Gulf Brook _057g","Gulf Brook"
-73.61346,41.02121,"Greenwich Creek _056x","Greenwich Creek"
-73.31845,41.11704,"Greens Farms Brook _056r","Greens Farms Brook"
-73.43096,40.65705,"Carman Creek _01lh","Carman Creek"
-73.91319,41.33148,"Canopus Creek _01lc","Canopus Creek"
-74.01792,40.83843,"Mill Creek _01h6","Mill Creek"
-73.78902,40.89232,"Burling Brook _01ku","Burling Brook"
-74.59877,40.18011,"Indian Run _01h7","Indian Run"
-73.6693,41.24871,"Broad Brook _01kf","Broad Brook"
-74.38377,41.71982,"Beer Kill _01jh","Beer Kill"
-73.62207,40.6176,"Bedell Creek _01jb","Bedell Creek"
-73.87208,41.03815,"Barney Brook _01ix","Barney Brook"
-73.82041,41.32954,"Barger Brook _01iw","Barger Brook"
-73.75597,40.77066,"Alley Creek _01ia","Alley Creek"
-72.97705,40.74788,"Abets Creek _01i4","Abets Creek"
-73.87819,41.01843,"Wickers Creek _01i3","Wickers Creek"
-73.0315,40.7501,"Purgatory Creek _01i1","Purgatory Creek"
-73.87458,41.01899,"North Brook _01i0","North Brook"
-74.48988,40.81232,"North Branch Whippany River _01hi","North Branch Whippany River"
-72.93677,41.52232,"Mountain Brook _01ey","Mountain Brook"
-73.83125,41.12537,"Caney Brook _01lb","Caney Brook"
-73.18622,41.19704,"Island Brook _019h","Island Brook"
-72.98594,41.57315,"Lily Brook _01c7","Lily Brook"
-73.47762,41.37537,"Lees Pond Brook _01bx","Lees Pond Brook"
-73.22761,41.43287,"Lee Brook _01bv","Lee Brook"
-73.45596,41.40343,"Kohanza Brook _01b7","Kohanza Brook"
-73.09316,41.3626,"Kinneytown Brook _01aw","Kinneytown Brook"
-73.36512,41.18704,"Kettle Creek _01ak","Kettle Creek"
-73.44679,41.08287,"Keelers Brook _01ab","Keelers Brook"
-73.25706,41.40287,"Keating Pond Brook _01aa","Keating Pond Brook"
-72.91038,41.54926,"Judd Brook _01a7","Judd Brook"
-73.164,41.16621,"Johnsons Creek _01a4","Johnsons Creek"
-72.90927,41.44899,"Jepp Brook _019s","Jepp Brook"
-73.06733,41.40565,"Mud Brook _01f0","Mud Brook"
-73.36845,41.13232,"Ivy Brook _019j","Ivy Brook"
-72.97149,41.58704,"Lindsley Brook _01cd","Lindsley Brook"
-72.68232,41.33538,"Iron Stream _019e","Iron Stream"
-73.03649,41.22676,"Indian River _018w","Indian River"
-73.37373,41.11676,"Indian River _018v","Indian River"
-73.07816,41.92954,"Indian Meadow Brook _018m","Indian Meadow Brook"
-73.12455,41.33899,"Indian Hole Brook _018k","Indian Hole Brook"
-72.58093,41.30427,"Huzzle Guzzle Brook _017o","Huzzle Guzzle Brook"
-73.17567,41.35537,"Hurds Brook _017n","Hurds Brook"
-73.45012,41.18371,"Huckleberry Hills Brook _017i","Huckleberry Hills Brook"
-73.6279,41.01926,"Horseneck Brook _017a","Horseneck Brook"
-73.23261,41.19399,"Horse Tavern Brook _0179","Horse Tavern Brook"
-73.04288,41.39565,"Hopp Brook _0176","Hopp Brook"
-73.11733,41.44037,"Jacks Brook _019m","Jacks Brook"
-73.00205,41.68593,"Marsh Brook _01di","Marsh Brook"
-73.06594,41.34815,"Moulthrap Brook _01ex","Moulthrap Brook"
-72.90038,41.24704,"Morris Creek _01et","Morris Creek"
-73.25789,41.21787,"Morehouse Brook _01er","Morehouse Brook"
-72.94566,41.49871,"Mixville Brook _01ek","Mixville Brook"
-72.90399,41.29954,"Mill River _01ee","Mill River"
-73.2865,41.12815,"Mill River _01ed","Mill River"
-73.53957,41.2501,"Mill River _01ec","Mill River"
-73.58929,41.04176,"Mianus River _01e1","Mianus River"
-73.38401,41.48871,"Merwin Brook _01dx","Merwin Brook"
-73.42207,41.61259,"Merryall Brook _01dw","Merryall Brook"
-72.81566,41.49121,"Meetinghouse Brook _01du","Meetinghouse Brook"
-73.4129,41.49343,"Limekiln Brook _01ca","Limekiln Brook"
-73.42429,41.22398,"Mayapple Brook _01dn","Mayapple Brook"
-73.41373,41.41148,"Limekiln Brook _01cb","Limekiln Brook"
-73.01205,41.46649,"Marks Brook _01dh","Marks Brook"
-73.43373,41.48676,"Mann Brook _01dc","Mann Brook"
-72.84788,41.31371,"Maloney Brook _01d9","Maloney Brook"
-73.03872,41.54204,"Mad River _01d6","Mad River"
-73.09622,41.52621,"Long Swamp Brook _01cy","Long Swamp Brook"
-73.12539,41.1801,"Long Brook _01cr","Long Brook"
-73.23261,41.19371,"Londons Brook _01cq","Londons Brook"
-73.0765,41.39621,"Little River _01cm","Little River"
-72.88427,41.31982,"Little River _01cl","Little River"
-72.68565,41.32676,"Little Meadow Brook _01cj","Little Meadow Brook"
-73.41401,41.57009,"Little Brook _01ch","Little Brook"
-74.22737,40.41983,"Gravelly Brook _05wp","Gravelly Brook"
-73.13928,41.28899,"Means Brook _01dr","Means Brook"
-74.06347,40.80566,"Cedar Creek _06ny","Cedar Creek"
-73.97347,40.98454,"Dorotockeys Run _06qv","Dorotockeys Run"
-73.94097,41.27287,"Dickey Brook _06qq","Dickey Brook"
-72.5112,40.98843,"Deep Hole Creek _06ql","Deep Hole Creek"
-73.90347,41.02788,"Crumkill Creek _06qa","Crumkill Creek"
-73.14789,40.7451,"Connetquot Brook _06pk","Connetquot Brook"
-74.00347,41.01676,"Cherry Brook _06p1","Cherry Brook"
-73.7418,41.19871,"Chappaqua Brook _06ot","Chappaqua Brook"
-73.20456,40.7101,"Champlin Creek _06or","Champlin Creek"
-73.49957,40.64621,"Cedar Creek _06ok","Cedar Creek"
-74.07403,40.83204,"Riser Ditch _06o4","Riser Ditch"
-74.07597,40.82788,"Peach Island Creek _06o3","Peach Island Creek"
-74.20042,40.13178,"Ground Hog Brook _06k7","Ground Hog Brook"
-74.04208,40.80899,"Close Creek _06o1","Close Creek"
-73.9618,41.11843,"East Branch Hackensack River _06re","East Branch Hackensack River"
-74.1107,40.77649,"Vreeland Ditch _06nx","Vreeland Ditch"
-74.08292,40.82427,"Ackermans Creek _06nv","Ackermans Creek"
-74.07209,40.95788,"Saint Andrews Brook _06mq","Saint Andrews Brook"
-74.04125,40.36622,"Fourth Creek _06km","Fourth Creek"
-74.2282,40.20483,"Ardena Brook _06ke","Ardena Brook"
-74.25042,40.16011,"Bass Run _06kd","Bass Run"
-74.26876,40.20456,"Cattail Brook _06kc","Cattail Brook"
-74.26153,40.20345,"Cricket Creek _06kb","Cricket Creek"
-74.23709,40.20511,"Crow Creek _06ka","Crow Creek"
-74.18042,40.20956,"Frog Creek _06k9","Frog Creek"
-72.27091,41.00204,"Little Northwest Creek _06z7","Little Northwest Creek"
-74.01681,40.81899,"Skeetkill Creek _06o2","Skeetkill Creek"
-72.96705,40.74399,"Hedges Creek _06vs","Hedges Creek"
-74.16764,41.02343,"Spring Lake Brook _06gt","Spring Lake Brook"
-72.3098,40.98982,"Ligonee Brook _06yr","Ligonee Brook"
-73.24678,40.70815,"Lawrence Creek _06yf","Lawrence Creek"
-73.8343,40.9326,"Laurel Brook _06ye","Laurel Brook"
-72.41481,41.05843,"Jockey Creek _06xl","Jockey Creek"
-72.52759,40.97927,"James Creek _06xg","James Creek"
-73.61985,40.8951,"Island Swamp Brook _06xc","Island Swamp Brook"
-73.09511,40.72093,"Indian Creek _06wz","Indian Creek"
-73.8718,41.19065,"Indian Brook _06wx","Indian Brook"
-73.80791,40.85399,"Hutchinson River _06wv","Hutchinson River"
-73.39207,40.65871,"Howell Creek _06wk","Howell Creek"
-73.67402,41.0576,"East Branch Byram River _06rc","East Branch Byram River"
-72.7326,40.8076,"Heils Creek _06vt","Heils Creek"
-73.66402,41.34704,"East Branch Croton River _06rd","East Branch Croton River"
-73.08956,40.72149,"Green Creek _06uw","Green Creek"
-73.68069,41.35482,"Green Briar Brook _06uv","Green Briar Brook"
-73.83763,40.93843,"Grassy Sprain Brook _06uk","Grassy Sprain Brook"
-73.85402,41.10426,"Gory Brook _06u9","Gory Brook"
-73.81986,40.86343,"Givan Creek _06tt","Givan Creek"
-74.0357,41.50176,"Gidneytown Creek _06tq","Gidneytown Creek"
-73.72846,41.59204,"Frog Hollow Brook _06t8","Frog Hollow Brook"
-73.32984,40.68371,"Fosters Creek _06t0","Fosters Creek"
-73.84458,40.76482,"Flushing Creek _06sk","Flushing Creek"
-74.3796,41.72426,"Fantine Kill _06s2","Fantine Kill"
-73.57485,40.65177,"East Meadow Brook _06rg","East Meadow Brook"
-74.2407,40.13123,"Hawk Creek _06k6","Hawk Creek"
-73.74458,40.63622,"Hook Creek _06wg","Hook Creek"
-74.08153,40.35289,"Nut Swamp Brook _06i5","Nut Swamp Brook"
-73.98347,40.27622,"Whale Pond Brook _06iv","Whale Pond Brook"
-74.07236,40.42955,"Ware Creek _06iu","Ware Creek"
-74.04986,40.31483,"Wampum Brook _06it","Wampum Brook"
-74.00958,40.30594,"Turtle Mill Brook _06is","Turtle Mill Brook"
-73.99625,40.31761,"Troutmans Creek _06ir","Troutmans Creek"
-74.10181,40.41594,"Town Brook _06ip","Town Brook"
-74.07847,40.35317,"Swimming River _06in","Swimming River"
-74.07958,40.35511,"Poricy Brook _06if","Poricy Brook"
-73.98986,40.25595,"Poplar Brook _06ie","Poplar Brook"
-74.0957,40.32511,"Pine Brook _06ib","Pine Brook"
-74.04708,40.31678,"Parkers Creek Branch _06ia","Parkers Creek Branch"
-74.15625,40.10317,"Gravelly Run _06k8","Gravelly Run"
-74.01958,40.32483,"Oceanport Creek _06i7","Oceanport Creek"
-74.05292,40.92788,"Behnke Brook _06j0","Behnke Brook"
-73.98097,40.38344,"Navesink River _06i4","Navesink River"
-74.10153,40.4165,"Mill Brook _06hz","Mill Brook"
-74.04319,40.37316,"McClees Creek _06hy","McClees Creek"
-74.01042,40.33928,"Little Silver Creek _06hu","Little Silver Creek"
-74.03458,40.314,"Husky Brook _06hq","Husky Brook"
-74.11125,40.29622,"Hockhockson Brook _06hn","Hockhockson Brook"
-74.04403,40.27344,"Cranberry Brook _06hg","Cranberry Brook"
-74.08181,40.43455,"Compton Creek _06he","Compton Creek"
-74.01236,40.38678,"Claypit Creek _06hd","Claypit Creek"
-73.99708,40.33094,"Branchport Creek _06hc","Branchport Creek"
-74.11208,39.96373,"Goose Creek _05wk","Goose Creek"
-74.01958,40.32483,"Parkers Creek _06i9","Parkers Creek"
-74.24459,40.15622,"Weasel Creek _06js","Weasel Creek"
-74.26542,40.20567,"Long Brook _06k5","Long Brook"
-74.16486,40.19595,"Marlpit Brook _06k4","Marlpit Brook"
-74.20014,40.11845,"North Branch Dicks Brook _06k3","North Branch Dicks Brook"
-74.15153,40.10928,"Pine Creek _06k2","Pine Creek"
-74.24792,40.15261,"Plover Brook _06k1","Plover Brook"
-74.25376,40.20539,"Small Branch _06k0","Small Branch"
-74.23848,40.11206,"Snake Creek _06jz","Snake Creek"
-74.25376,40.14789,"Snipe Creek _06jy","Snipe Creek"
-74.21431,40.11039,"South Creek _06jx","South Creek"
-74.20098,40.14789,"Sparrow Creek _06jw","Sparrow Creek"
-74.23681,40.13456,"Sweetgum Brook _06jv","Sweetgum Brook"
-73.95319,40.9826,"Anderson Brook _06iy","Anderson Brook"
-74.24209,40.15761,"Toad Creek _06jt","Toad Creek"
-74.09403,40.92982,"Beaverdam Brook _06iz","Beaverdam Brook"
-74.23709,40.13345,"Willow Run _06jr","Willow Run"
-74.1082,40.99315,"Zabriskie Brook _06jp","Zabriskie Brook"
-74.27626,40.97426,"Wissahicken Brook _06jn","Wissahicken Brook"
-74.2607,40.8851,"Singac Brook _06jj","Singac Brook"
-74.16126,40.87288,"Plog Brook _06ji","Plog Brook"
-73.98403,40.88899,"Metzler Brook _06jg","Metzler Brook"
-74.14264,40.93982,"Little Diamond Brook _06jd","Little Diamond Brook"
-73.99792,40.96871,"Haworth Brook _06ja","Haworth Brook"
-74.11625,40.87649,"Fleischer Brook _06j8","Fleischer Brook"
-74.41904,41.02871,"Echo Lake Channel _06j7","Echo Lake Channel"
-74.08375,40.90565,"Coalberg Brook _06j5","Coalberg Brook"
-72.66398,40.91538,"Little River _06z9","Little River"
-74.24209,40.13039,"Titmouse Creek _06ju","Titmouse Creek"
-73.23873,40.71343,"Watchogue Creek _07e2","Watchogue Creek"
-72.83205,40.79538,"Second Neck Creek _07fk","Second Neck Creek"
-74.69377,41.35676,"Neversink River _07ff","Neversink River"
-73.73846,40.82816,"Mitchells Creek _07fe","Mitchells Creek"
-74.15542,41.10371,"Mahwah River _07f9","Mahwah River"
-73.94875,41.50482,"Dry Brook _07eu","Dry Brook"
-73.90291,41.52537,"Clove Creek _07en","Clove Creek"
-73.56624,40.88038,"Beaver Brook _07el","Beaver Brook"
-72.79677,40.78565,"Areskonk Creek _07ei","Areskonk Creek"
-72.48481,40.99038,"West Creek _07ef","West Creek"
-73.15595,40.74371,"West Brook _07eb","West Brook"
-73.14289,40.75038,"West Brook _07ea","West Brook"
-73.14817,40.92899,"Stony Brook _07aj","Stony Brook"
-73.33706,40.67454,"West Babylon Creek _07e7","West Babylon Creek"
-72.77288,40.78343,"Terrell River _07ft","Terrell River"
-72.86816,40.9651,"Wading River _07dk","Wading River"
-73.73985,40.64816,"Valley Stream _07d5","Valley Stream"
-73.94847,41.71648,"Twaalfskill Creek _07cp","Twaalfskill Creek"
-73.82597,40.95649,"Troublesome Brook _07cg","Troublesome Brook"
-73.95181,41.16621,"Toms Brook _07c6","Toms Brook"
-74.1907,41.57537,"Tin Brook _07c0","Tin Brook"
-73.26694,40.69472,"Thompsons Creek _07bv","Thompsons Creek"
-73.96097,42.0737,"Tannery Brook _07bh","Tannery Brook"
-72.99733,40.74788,"Swan River _07b4","Swan River"
-73.36651,40.6651,"Strongs Creek _07aq","Strongs Creek"
-72.89483,40.7776,"Little Neck Run _06z6","Little Neck Run"
-73.66485,41.34704,"West Branch Croton River _07e9","West Branch Croton River"
-72.61704,40.92954,"Terrys Creek _07ja","Terrys Creek"
-73.59541,40.63371,"Milburn Creek _07li","Milburn Creek"
-74.03014,41.04454,"Muddy Brook _07le","Muddy Brook"
-73.99125,40.9801,"Pascack Brook _07ld","Pascack Brook"
-73.66707,40.97315,"Manursing Island Creek _07l9","Manursing Island Creek"
-73.72485,40.94927,"Guion Creek _07l4","Guion Creek"
-73.74458,40.9826,"West Branch Mamaroneck River _07l0","West Branch Mamaroneck River"
-73.73652,40.95482,"Sheldrake River _07ku","Sheldrake River"
-73.72485,40.9426,"Otter Creek _07kl","Otter Creek"
-73.72096,40.93982,"Mamaroneck River _07kc","Mamaroneck River"
-73.74291,40.92788,"East Creek _07k1","East Creek"
-73.69568,40.95149,"Blind Brook _07jr","Blind Brook"
-73.68152,41.25482,"Stone Hill River _07fq","Stone Hill River"
-74.686,41.36009,"Clove Brook _07jo","Clove Brook"
-73.66124,41.46565,"Stump Pond Stream _07fs","Stump Pond Stream"
-74.01653,41.4537,"Moodna Creek _07j8","Moodna Creek"
-73.53013,40.64177,"Cedar Swamp Creek _07iz","Cedar Swamp Creek"
-73.71235,40.86899,"East Creek _07ih","East Creek"
-73.96208,41.60259,"Lattintown Creek _07if","Lattintown Creek"
-72.86677,40.7451,"Unchachogue _07hz","Unchachogue"
-73.87541,40.63594,"Fresh Creek _07hq","Fresh Creek"
-73.73597,40.59622,"Bridge Creek _07hb","Bridge Creek"
-72.89455,40.78204,"Yapahank Creek _07h6","Yapahank Creek"
-73.84375,41.54926,"Wiccopee Creek _07gj","Wiccopee Creek"
-73.81708,41.57287,"Whortlekill Creek _07gi","Whortlekill Creek"
-73.70402,41.61676,"Whaley Lake Stream _07g9","Whaley Lake Stream"
-73.03289,40.73815,"Stillman Creek _07ai","Stillman Creek"
-73.72791,40.94843,"Beaver Swamp Brook _07jp","Beaver Swamp Brook"
-73.86597,41.33537,"Mohegan Outlet _0724","Mohegan Outlet"
-74.08514,41.07232,"Pine Brook _0757","Pine Brook"
-73.77597,40.95149,"Pine Brook _0756","Pine Brook"
-74.15931,41.42093,"Perry Creek _074y","Perry Creek"
-73.23623,40.7126,"Penataquit Creek _074u","Penataquit Creek"
-73.8743,41.33315,"Oscawana Brook _0748","Oscawana Brook"
-73.22595,40.71565,"Orowoc Creek _0745","Orowoc Creek"
-73.21372,40.84149,"Northeast Branch _073h","Northeast Branch"
-73.98236,41.05732,"Nauraushaun Brook _072y","Nauraushaun Brook"
-73.42401,40.65649,"Narraskatuck Creek _072x","Narraskatuck Creek"
-73.78291,41.1226,"Nanny Hagen Brook _072w","Nanny Hagen Brook"
-73.03761,40.7301,"Namkee Creek _072v","Namkee Creek"
-74.1882,41.16176,"Stony Brook _07ak","Stony Brook"
-73.74513,40.63205,"Motts Creek _072i","Motts Creek"
-73.75513,40.91704,"Premium River _075x","Premium River"
-73.97042,41.22398,"Minisceongo Creek _071y","Minisceongo Creek"
-73.8168,41.06565,"Mine Brook _071x","Mine Brook"
-73.53874,41.15982,"Mill River _071s","Mill River"
-73.65707,40.63566,"Mill River _071r","Mill River"
-73.8368,40.7701,"Mill Creek _071l","Mill Creek"
-73.14206,40.75038,"Middle Brook _071e","Middle Brook"
-73.66124,41.40232,"Michael Brook _071b","Michael Brook"
-73.90319,41.29426,"McGregory Brook _070r","McGregory Brook"
-73.124,40.7276,"Ludlows Creek _06zu","Ludlows Creek"
-72.54037,40.99649,"Long Creek _06zi","Long Creek"
-72.41342,41.08538,"Long Creek _06zh","Long Creek"
-73.55568,40.64288,"Mud Creek _072p","Mud Creek"
-73.6518,40.67594,"Schodack Brook _078g","Schodack Brook"
-73.84291,41.55037,"Sprout Creek _07ac","Sprout Creek"
-73.85486,40.95288,"Sprain Brook _07a4","Sprain Brook"
-73.86764,41.14176,"Sparta Brook _079z","Sparta Brook"
-73.93791,41.01426,"Sparkill Brook _079x","Sparkill Brook"
-74.39432,41.69509,"South Gully _079t","South Gully"
-74.02709,41.20426,"South Branch Minisceongo Creek _079s","South Branch Minisceongo Creek"
-73.54457,40.64621,"Simmond Creek _079e","Simmond Creek"
-73.42984,41.13454,"Silvermine River _079d","Silvermine River"
-74.04542,41.45398,"Silver Stream _079c","Silver Stream"
-73.84736,41.35037,"Shrub Oak Brook _0797","Shrub Oak Brook"
-74.37432,41.72648,"Shingle Gully _0792","Shingle Gully"
-73.87014,41.09149,"Pocantico River _075j","Pocantico River"
-73.77236,41.35954,"Secor Brook _078o","Secor Brook"
-73.65735,40.63566,"Powell Creek _075u","Powell Creek"
-73.89625,40.93288,"Saw Mill River _078f","Saw Mill River"
-74.16959,41.42148,"Satterly Creek _078e","Satterly Creek"
-74.10709,40.86288,"Saddle River _077u","Saddle River"
-73.82597,41.04787,"Rum Brook _077t","Rum Brook"
-73.84902,41.10037,"Rockefeller Brook _077d","Rockefeller Brook"
-73.5454,41.04176,"Rippowam River _0776","Rippowam River"
-72.4362,41.03566,"Richmond Creek _076z","Richmond Creek"
-73.14789,40.7451,"Rattlesnake Brook _076k","Rattlesnake Brook"
-73.85958,40.65983,"Ralph Creek _076g","Ralph Creek"
-73.18845,40.70482,"Quintuck Creek _076e","Quintuck Creek"
-73.84889,40.81056,"Pugsley Creek _0764","Pugsley Creek"
-74.18959,40.91177,"Slippery Rock Brook _06gs","Slippery Rock Brook"
-73.8693,41.06037,"Sheldon Brook _078x","Sheldon Brook"
-74.71794,40.24955,"Miry Run _063f","Miry Run"
-74.57793,40.17094,"Negro Run _064f","Negro Run"
-74.26543,40.89371,"Naachpunkt Brook _064c","Naachpunkt Brook"
-74.04264,40.20095,"Musquash Brook _064b","Musquash Brook"
-74.02208,40.99288,"Musquapsink Brook _064a","Musquapsink Brook"
-75.18879,40.59232,"Musconetcong River _0647","Musconetcong River"
-74.40848,39.54567,"Mullica River _0646","Mullica River"
-74.1607,40.10706,"Muddy Ford Brook _0645","Muddy Ford Brook"
-74.03042,41.04426,"Muddy Brook _0644","Muddy Brook"
-74.36043,41.13982,"Morsetown Brook _063u","Morsetown Brook"
-74.20181,40.63399,"Morses Creek _063t","Morses Creek"
-74.24403,40.62483,"Morse Creek _063r","Morse Creek"
-74.28959,41.04232,"Meadow Brook _062o","Meadow Brook"
-74.1882,40.91315,"Molly Ann Brook _063i","Molly Ann Brook"
-74.07403,40.06123,"North Branch Beaverdam Creek _064s","North Branch Beaverdam Creek"
-74.63655,40.68177,"Mine Brook _063c","Mine Brook"
-74.52571,40.8801,"Mill Brook _0636","Mill Brook"
-74.0407,41.0376,"Mill Brook _0635","Mill Brook"
-74.44154,40.50233,"Mill Brook _0634","Mill Brook"
-74.34626,39.60512,"Mill Branch _0633","Mill Branch"
-74.3457,40.29678,"Milford Brook _0631","Milford Brook"
-74.46738,40.50788,"Mile Run _0630","Mile Run"
-74.55043,40.4726,"Middlebush Brook _062y","Middlebush Brook"
-74.54321,40.55566,"Middle Brook _062x","Middle Brook"
-74.28542,39.97067,"Michaels Run _062w","Michaels Run"
-74.29404,41.00426,"Posts Brook _0673","Posts Brook"
-74.0507,40.80788,"Moonachie Creek _063l","Moonachie Creek"
-74.2132,40.89482,"Peckman River _0663","Peckman River"
-74.09292,41.06454,"West Branch Saddle River _06gx","West Branch Saddle River"
-74.27237,40.89788,"Pompton River _066z","Pompton River"
-74.0168,40.16678,"Polypod Brook _066x","Polypod Brook"
-74.12542,40.01928,"South Branch Kettle Creek _066w","South Branch Kettle Creek"
-74.6446,40.42927,"Pine Tree Run _066o","Pine Tree Run"
-74.08514,41.0726,"Pine Brook _066i","Pine Brook"
-74.36126,40.31455,"Pine Brook _066h","Pine Brook"
-74.20459,40.61983,"Piles Creek _066g","Piles Creek"
-74.63932,40.41927,"Pike Run _066f","Pike Run"
-74.6096,40.55927,"Peters Brook _066c","Peters Brook"
-74.28126,40.97149,"Pequannock River _066a","Pequannock River"
-74.21181,40.57733,"Noes Creek _064n","Noes Creek"
-74.08709,40.9076,"Pehle Brook _0665","Pehle Brook"
-74.31265,40.67566,"Nomahegan Brook _064p","Nomahegan Brook"
-74.19765,40.89788,"Pearl Brook _0661","Pearl Brook"
-74.6471,40.6901,"Peapack Brook _0660","Peapack Brook"
-74.22876,40.62955,"Peach Orchard Brook _065z","Peach Orchard Brook"
-74.03292,40.80343,"Paunpeck Creek _065y","Paunpeck Creek"
-74.1182,40.71232,"Passaic River _065w","Passaic River"
-74.27126,40.91649,"Packanack Brook _065l","Packanack Brook"
-74.02792,40.84677,"Overpeck Creek _065j","Overpeck Creek"
-74.32626,40.00539,"Old Hurricane Brook _0654","Old Hurricane Brook"
-74.03486,40.14261,"North Branch Wreck Pond Brook _064v","North Branch Wreck Pond Brook"
-74.64738,40.6901,"North Branch Peapack Brook _064u","North Branch Peapack Brook"
-74.15125,40.07873,"North Branch Metedeconk River _064t","North Branch Metedeconk River"
-74.36265,40.30372,"McGellairds Brook _062n","McGellairds Brook"
-74.07736,40.75205,"Penhorn Creek _0667","Penhorn Creek"
-74.62766,40.36594,"Harrys Brook _05xo","Harrys Brook"
-74.61988,40.77927,"India Brook _05z7","India Brook"
-74.16737,40.32817,"Hop Brook _05yu","Hop Brook"
-74.0143,40.23011,"Hollow Brook _05yp","Hollow Brook"
-74.10014,40.9551,"Hohokus Brook _05ym","Hohokus Brook"
-74.01292,40.24317,"Harvey Brook _05yl","Harvey Brook"
-74.02292,40.94649,"Hirshfeld Brook _05yk","Hirshfeld Brook"
-74.26904,41.07732,"High Mountain Brook _05yf","High Mountain Brook"
-74.48627,40.9226,"Hibernia Brook _05ya","Hibernia Brook"
-74.0507,40.92788,"Herring Brook _05y7","Herring Brook"
-74.57738,40.37677,"Heathcote Brook Branch _05xz","Heathcote Brook Branch"
-74.61988,40.37372,"Heathcote Brook _05xy","Heathcote Brook"
-74.05514,40.05428,"Metedeconk River _062u","Metedeconk River"
-74.26043,40.98843,"Haycock Brook _05xu","Haycock Brook"
-74.56738,40.88565,"Jackson Brook _05zn","Jackson Brook"
-74.57266,40.65621,"Harrisons Brook _05xn","Harrisons Brook"
-74.56738,40.79343,"Harmony Brook _05xm","Harmony Brook"
-74.05208,40.14345,"Hannabrand Brook _05xl","Hannabrand Brook"
-74.07014,40.20956,"Hankins Brook _05xk","Hankins Brook"
-74.11292,40.71316,"Hackensack River _05xf","Hackensack River"
-74.56849,40.90093,"Green Pond Brook _05x4","Green Pond Brook"
-74.5021,40.58427,"Green Brook _05x1","Green Brook"
-74.35237,41.15065,"Green Brook _05x0","Green Brook"
-73.92653,40.91982,"Green Brook _05wz","Green Brook"
-74.28515,40.86649,"Green Brook _05wy","Green Brook"
-74.17625,40.05067,"Green Branch _05wx","Green Branch"
-74.26792,40.55566,"Heards Brook _05xx","Heards Brook"
-74.03625,40.82927,"Losen Slofe _061m","Losen Slofe"
-74.38293,40.39261,"Matchaponix Brook _062k","Matchaponix Brook"
-74.15014,41.10315,"Masonicus Brook _062i","Masonicus Brook"
-74.08931,40.78232,"Mary Ann Creek _062h","Mary Ann Creek"
-74.2207,40.60122,"Marshes Creek _062g","Marshes Creek"
-74.2982,40.01012,"Manapaqua Branch _0626","Manapaqua Branch"
-74.38265,40.39261,"Manalapan Brook _0624","Manalapan Brook"
-74.21625,39.67095,"Manahawkin Creek _0622","Manahawkin Creek"
-74.41738,40.82204,"Malapardis Brook _0621","Malapardis Brook"
-74.1557,41.10343,"Mahwah River _061z","Mahwah River"
-74.13709,40.42011,"Mahoras Brook _061y","Mahoras Brook"
-74.62044,40.5801,"Macs Brook _061x","Macs Brook"
-74.54932,40.74066,"Indian Grove Brook _05z8","Indian Grove Brook"
-74.39765,39.58067,"Lower Pasture Creek _061t","Lower Pasture Creek"
-74.36876,40.399,"Iresick Brook _05zi","Iresick Brook"
-74.22598,40.44483,"Long Neck Creek _061i","Long Neck Creek"
-74.12681,40.02428,"Long Causeway Branch _061f","Long Causeway Branch"
-74.05736,40.189,"Laurel Gully Brook _060p","Laurel Gully Brook"
-74.09153,40.77482,"Kingsland Creek _060h","Kingsland Creek"
-74.24876,40.60149,"Kings Creek _060g","Kings Creek"
-74.10319,40.01095,"Kettle Creek _060b","Kettle Creek"
-74.05931,40.1915,"Jumping Brook _0600","Jumping Brook"
-74.04291,40.12456,"Judas Creek _05zz","Judas Creek"
-74.10125,40.94815,"Jordan Brook _05zy","Jordan Brook"
-74.63044,40.97371,"Jayness Brook _05zr","Jayness Brook"
-74.85461,40.27789,"Jacobs Creek _05zp","Jacobs Creek"
-74.24681,40.90815,"Preakness Brook _0677","Preakness Brook"
-74.72461,40.92788,"Lubbers Run _061u","Lubbers Run"
-74.23348,39.99873,"Union Branch _06da","Union Branch"
-74.58933,40.98149,"Weldon Brook _06er","Weldon Brook"
-74.13598,40.87149,"Weasel Brook _06el","Weasel Brook"
-74.36126,40.2965,"Weamaconk Creek _06ek","Weamaconk Creek"
-74.04375,40.11234,"Watson Creek _06ej","Watson Creek"
-74.22209,40.08595,"Watering Place Brook _06eg","Watering Place Brook"
-74.30376,40.41511,"Warnes Brook _06e6","Warnes Brook"
-74.19097,39.79345,"Waretown Creek _06e3","Waretown Creek"
-74.29209,40.98815,"Wanaque River _06e0","Wanaque River"
-74.57877,40.87815,"Wallace Brook _06dx","Wallace Brook"
-74.13098,40.88843,"Wabash Brook _06du","Wabash Brook"
-74.04181,40.91232,"Van Saun Mill Brook _06do","Van Saun Mill Brook"
-74.33431,40.29317,"Tepehemus Brook _06cb","Tepehemus Brook"
-74.30237,39.63345,"Uriah Branch _06dg","Uriah Branch"
-74.55682,40.58455,"West Branch Middle Brook _06ev","West Branch Middle Brook"
-74.27293,40.78454,"Turtle Brook _06d5","Turtle Brook"
-74.74294,40.83788,"Turkey Brook _06d3","Turkey Brook"
-74.13181,40.02901,"Tunes Branch _06d2","Tunes Branch"
-74.35626,40.8426,"Troy Brook _06cy","Troy Brook"
-74.83156,40.82843,"Trout Brook _06cx","Trout Brook"
-74.11069,39.93762,"Toms River _06cq","Toms River"
-74.49043,40.25844,"Timber Run _06cm","Timber Run"
-74.14681,40.44844,"Thornes Creek _06cj","Thornes Creek"
-74.31459,39.59901,"Thompson Creek _06ci","Thompson Creek"
-74.13042,40.82066,"Third River _06cg","Third River"
-74.73905,40.2315,"Pond Run _0670","Pond Run"
-74.1482,41.02732,"Valentine Brook _06di","Valentine Brook"
-74.01597,40.82316,"Wolf Creek _06fv","Wolf Creek"
-74.1007,41.0501,"Pleasant Brook _06gq","Pleasant Brook"
-74.25987,41.0176,"Little Pond Brook _06gn","Little Pond Brook"
-74.32293,41.0076,"Irish Brook _06gl","Irish Brook"
-74.01847,41.0076,"Holdrum Brook _06gk","Holdrum Brook"
-74.00708,41.0051,"Hillsdale Brook _06gj","Hillsdale Brook"
-74.28015,41.0551,"Green Swamp Brook _06gg","Green Swamp Brook"
-74.33654,41.0076,"Beaver Brook _06gd","Beaver Brook"
-74.28181,41.00482,"Acid Brook _06gc","Acid Brook"
-74.02569,40.13817,"Wreck Pond Brook _06g6","Wreck Pond Brook"
-74.15236,39.83401,"Wrangle Creek _06g4","Wrangle Creek"
-74.20931,39.95095,"Wrangle Brook _06g3","Wrangle Brook"
-74.06875,40.20706,"Wells Brook _06es","Wells Brook"
-74.25459,40.53983,"Woodbridge Creek _06fx","Woodbridge Creek"
-74.23931,40.69177,"West Branch Elizabeth River _06eu","West Branch Elizabeth River"
-74.72572,40.91565,"Wills Brook _06fp","Wills Brook"
-74.16709,40.3265,"Willow Brook _06fn","Willow Brook"
-74.21848,40.43233,"Mohingson Creek _06fk","Mohingson Creek"
-74.59627,41.11676,"Wildcat Branch _06fi","Wildcat Branch"
-74.98628,40.40899,"Wickecheoke Creek _06fg","Wickecheoke Creek"
-74.49404,40.9126,"White Meadow Brook _06fb","White Meadow Brook"
-74.34154,40.84566,"Whippany River _06fa","Whippany River"
-74.22514,40.45316,"Whale Creek _06f8","Whale Creek"
-74.31043,41.07315,"West Brook _06ey","West Brook"
-74.38265,40.8476,"West Brook _06ex","West Brook"
-74.74877,40.25122,"West Branch Shabakunk Creek _06ew","West Branch Shabakunk Creek"
-74.59127,40.45788,"Tenmile Run _06ca","Tenmile Run"
-74.83239,40.30177,"Woolsey Brook _06g2","Woolsey Brook"
-74.22653,40.59899,"Rolphs Creek _0689","Rolphs Creek"
-74.61738,40.43927,"Simonson Brook _069t","Simonson Brook"
-74.01014,40.18761,"Shark River _069h","Shark River"
-74.72016,40.25066,"Shabakunk Creek _069e","Shabakunk Creek"
-74.16153,40.08428,"Schoolhouse Branch _0693","Schoolhouse Branch"
-74.38932,41.17204,"Sawmill Pond Brook _0690","Sawmill Pond Brook"
-74.09153,40.7626,"Sawmill Creek _068y","Sawmill Creek"
-74.09764,40.10262,"Sawmill Creek _068x","Sawmill Creek"
-74.43126,40.45955,"Sawmill Brook _068w","Sawmill Brook"
-74.31598,39.59373,"Sapp Creek _068v","Sapp Creek"
-74.10625,40.86316,"Saddle River _068k","Saddle River"
-74.08959,40.99232,"Saddle Brook _068j","Saddle Brook"
-74.53071,40.38955,"Terhune Run _06cc","Terhune Run"
-74.6071,40.57233,"Ross Brook _068c","Ross Brook"
-74.25431,40.54899,"Smith Creek _06a1","Smith Creek"
-74.5396,40.28844,"Rocky Brook _0686","Rocky Brook"
-74.33043,40.84927,"Rockaway River _0684","Rockaway River"
-74.27487,40.61149,"Robinsons Branch _0682","Robinsons Branch"
-74.07375,40.20039,"Robins Swamp Brook _0681","Robins Swamp Brook"
-74.05125,40.11512,"Roberts Swamp Brook _0680","Roberts Swamp Brook"
-74.2607,40.01067,"Ridgeway Branch _067s","Ridgeway Branch"
-74.09931,40.21039,"Reevy Branch _067p","Reevy Branch"
-74.2732,40.49177,"Raritan River _067n","Raritan River"
-74.13292,41.02287,"Ramsey Brook _067l","Ramsey Brook"
-74.28126,40.97149,"Ramapo River _067k","Ramapo River"
-74.34265,40.6126,"Pumpkin Patch Brook _067f","Pumpkin Patch Brook"
-74.2082,40.58983,"Run Creek _068g","Run Creek"
-74.17237,41.09621,"Stag Brook _06aw","Stag Brook"
-73.96542,40.98093,"Tenakill Brook _06c9","Tenakill Brook"
-74.00403,40.86621,"Teaneck Creek _06c6","Teaneck Creek"
-74.33043,40.75482,"Taylor Brook _06c3","Taylor Brook"
-74.1807,40.05039,"Tarkiln Branch _06c2","Tarkiln Branch"
-74.94628,40.36344,"Swan Creek _06bs","Swan Creek"
-74.23653,39.96484,"Sunken Branch _06bi","Sunken Branch"
-74.44765,40.44955,"Sucker Brook _06bf","Sucker Brook"
-74.63822,40.84677,"Succasunna Brook _06bd","Succasunna Brook"
-74.44765,40.60788,"Stony Brook _06b7","Stony Brook"
-74.65238,40.33427,"Stony Brook _06b6","Stony Brook"
-74.44043,40.92427,"Stony Brook _06b5","Stony Brook"
-74.5721,40.4726,"Sixmile Run _069v","Sixmile Run"
-74.59433,40.90177,"Stephens Brook _06b0","Stephens Brook"
-74.35765,40.75621,"Slough Brook _06a0","Slough Brook"
-74.2432,40.02234,"Stab Branch _06au","Stab Branch"
-74.1857,40.95871,"Squaw Brook _06at","Squaw Brook"
-74.08264,40.90621,"Sprout Brook _06ar","Sprout Brook"
-74.37598,40.76288,"Spring Garden Brook _06ak","Spring Garden Brook"
-74.57599,40.8826,"Spring Brook _06aj","Spring Brook"
-74.59266,40.65594,"Spring Brook _06ai","Spring Brook"
-73.90847,41.03815,"Sparkill Creek _06ae","Sparkill Creek"
-74.26653,40.54399,"Spa Spring Creek _06ad","Spa Spring Creek"
-74.14819,39.84595,"South Branch Stouts Creek _06a9","South Branch Stouts Creek"
-74.27292,40.60066,"South Branch Rahway River _06a8","South Branch Rahway River"
-74.15125,40.07873,"South Branch Metedeconk River _06a7","South Branch Metedeconk River"
-73.23011,40.90426,"Nissequogue River _07lk","Nissequogue River"
-74.33404,41.00343,"Stone House Brook _06b4","Stone House Brook"
